name,telephone,image,street_address,city,state,postal_code,country,full_address,latitude,longitude,area_served,facebook,twitter,linkedin,website,houzz_profile,category
De Panache,096201 31348,https://st.hzcdn.com/simgs/d7a3e7a00282edf5_0-3498/_.jpg,"No-45, 7th Cross, 16 B Main, 4th B Block, Koramangala Extension, Behind Koramangala B.D.A Complex,",Bengaluru,Karnataka,560034,IN,"No-45, 7th Cross, 16 B Main, 4th B Block, Koramangala Extension, Behind Koramangala B.D.A Complex,, Bengaluru, Karnataka, 560034",12.9269,77.6347,500009,https://www.facebook.com/DePanache/,https://twitter.com/depanache,https://www.linkedin.com/company/depanache/,depanache.in,https://www.houzz.in/professionals/interior-designers-and-decorators/de-panache-pfvwin-pf~1326136504,interior-designers
asense,076763 75901,https://st.hzcdn.com/simgs/929338f003789245_0-1016/_.jpg,"g-3,Fortuna siri,Silver spring road ",bangalore,,560037,IN,"g-3,Fortuna siri,Silver spring road , bangalore, 560037",,,500009,https://www.facebook.com/pages/Asense/185561868307903,https://twitter.com/asense2,,https://www.asenseinterior.com/,https://www.houzz.in/professionals/interior-designers-and-decorators/asense-pfvwin-pf~1133285034,interior-designers
Artis Interiorz Pvt. Ltd.,099866 61736,https://st.hzcdn.com/simgs/f52381460090b476_0-9930/_.jpg, ,Bangalore Urban,Karnataka,560048,IN," , Bangalore Urban, Karnataka, 560048",12.9864,77.7029,500009,https://www.facebook.com/artisinteriorzpvtltd/,https://twitter.com/artisinteriorz,https://www.linkedin.com/in/seema-shukla-34575557/,http://www.artisinteriorz.com,https://www.houzz.in/hznb/professionals/interior-designers-and-decorators/artis-interiorz-pvt-ltd-pfvwus-pf~973274874,interior-designers
GJ Studio,098450 11595,https://st.hzcdn.com/simgs/4e73b14403285ce7_0-6511/_.jpg,"60, Hennur Gardens, ",Bangalore,,560043,IN,"60, Hennur Gardens, , Bangalore, 560043",13.0243,77.6537,500009,,,,,https://www.houzz.in/professionals/interior-designers-and-decorators/gj-studio-pfvwin-pf~1796058158,interior-designers
RGL DESIGN STUDIO,086374 20482,https://st.hzcdn.com/simgs/49237780005de3db_0-4355/_.jpg,"BACK SIDE TO OMR TOLL , SHOLIGANLLUR ",chennai,Tamil Nadu,600097,IN,"BACK SIDE TO OMR TOLL , SHOLIGANLLUR , chennai, Tamil Nadu, 600097",,,500009,https://www.facebook.com/rgldecorshomeinteriors/,,,https://in.pinterest.com/rgldecors/_created/,https://www.houzz.in/hznb/professionals/interior-designers-and-decorators/rgl-design-studio-pfvwus-pf~692136307,interior-designers
CEE BEE Design Studio,063602 54435,https://st.hzcdn.com/simgs/18b3e9ab04ae3373_0-1176/_.jpg,3045 Rajdanga Main Road ,Kolkata,West Bengal,700107,IN,"3045 Rajdanga Main Road , Kolkata, West Bengal, 700107",22.5087,88.4042,500009,https://www.facebook.com/pages/CEE-BEE-Design-Studio/598483496954153,https://twitter.com/CeeBee_Design,,https://www.ceebeedesignstudio.com,https://www.houzz.in/hznb/professionals/interior-designers-and-decorators/cee-bee-design-studio-pfvwus-pf~403950463,interior-designers
D'LIFE Home Interiors,075590 03333,https://st.hzcdn.com/simgs/74d3aa2602c278f1_0-7046/_.jpg,"No. 33, Dev's Ark, F Block 2nd Ave, Block F, Anna Nagar, Chennai, Tamil Nadu 600102",Chennai,Tamil Nadu,600102,IN,"No. 33, Dev's Ark, F Block 2nd Ave, Block F, Anna Nagar, Chennai, Tamil Nadu 600102, Chennai, Tamil Nadu, 600102",13.0885,80.2244,500009,,,,,https://www.houzz.in/professionals/interior-designers-and-decorators/d-life-home-interiors-pfvwin-pf~348601729,interior-designers
Ceebee design studio,098866 33451,https://st.hzcdn.com/simgs/1473dbeb0ed4c1c3_0-3784/_.jpg,"Door No 18, 3 rd B Cross Domlur II Stage",Bangalore,Karnataka,560071,IN,"Door No 18, 3 rd B Cross Domlur II Stage, Bangalore, Karnataka, 560071",12.9482,77.6458,500009,,,,,https://www.houzz.in/professionals/interior-designers-and-decorators/ceebee-design-studio-pfvwin-pf~440066266,interior-designers
Regalias Modular India Interiors,078930 10100,https://st.hzcdn.com/simgs/25132ada06faa4de_0-8360/_.jpg,"1-57/54/C, Block C , Botanical Garden Rd, Sri Ram Nagar Kondapur, Hyderabad, Telangana 500084",Hyderabad,Telangana,500084,IN,"1-57/54/C, Block C , Botanical Garden Rd, Sri Ram Nagar Kondapur, Hyderabad, Telangana 500084, Hyderabad, Telangana, 500084",17.4703,78.3578,500009,https://www.facebook.com/MyHomeRegalias,,,www.regaliasindia.com,https://www.houzz.in/hznb/professionals/interior-designers-and-decorators/regalias-modular-india-interiors-pfvwus-pf~312430658,interior-designers
Archierio Design Studio,090802 10304,https://st.hzcdn.com/simgs/9413fd1800a01a1f_0-7363/_.jpg,"No 427, 23rd cross road, 9th Main Rd, 7th sector HSR Layout",Bengaluru,Karnataka,560102,IN,"No 427, 23rd cross road, 9th Main Rd, 7th sector HSR Layout, Bengaluru, Karnataka, 560102",12.9114,77.6443,500009,,,,,https://www.houzz.in/professionals/interior-designers-and-decorators/archierio-design-studio-pfvwin-pf~281045699,interior-designers
grace interior hub 9161521008,094511 22411,https://st.hzcdn.com/simgs/0ac305ce0eea1a1f_0-0309/_.jpg, ,GORAKHPUR,Uttar Pradesh,273008,IN," , GORAKHPUR, Uttar Pradesh, 273008",,,500009,https://www.facebook.com/graceinteriorhubgkp/,https://twitter.com/GraceInteriorH1,https://www.linkedin.com/in/grace-interior-hub-a83127209/,www.graceinteriorhub.com,https://www.houzz.in/hznb/professionals/interior-designers-and-decorators/grace-interior-hub-9161521008-pfvwus-pf~851095270,interior-designers
DESIGN VAULT,093218 66202,https://st.hzcdn.com/simgs/28a321ac0576da1e_0-7906/_.jpg,"B5 , Sujata apts , Kalina, Santacruz east",Mumbai,Maharashtra,400098,IN,"B5 , Sujata apts , Kalina, Santacruz east, Mumbai, Maharashtra, 400098",19.0738,72.8628,500009,,,,,https://www.houzz.in/hznb/professionals/interior-designers-and-decorators/design-vault-pfvwus-pf~1581821380,interior-designers
BVM Intsol Pvt. Ltd.,092848 61547,https://st.hzcdn.com/simgs/b2e3c842093f8be4_0-6833/_.jpg,"Row House No. A-83, Erica, Magarpatta City, Hadapsar,",Pune,Maharashtra,411013,IN,"Row House No. A-83, Erica, Magarpatta City, Hadapsar,, Pune, Maharashtra, 411013",,,500009,https://www.facebook.com/BVMInterior/,,,https://www.youtube.com/channel/UCZccPMm4bdQOpPwy4sgS9Dw,https://www.houzz.in/professionals/interior-designers-and-decorators/bvm-intsol-pvt-ltd-pfvwin-pf~975612566,interior-designers
Upside Artist,089998 02041,https://st.hzcdn.com/simgs/98b39fac01cd488f_0-2866/_.jpg,107 Blue Bells Aura Pashan,Pune,Maharashtra,411021,IN,"107 Blue Bells Aura Pashan, Pune, Maharashtra, 411021",,,500009,,,,https://www.upsideartist.com/,https://www.houzz.in/professionals/interior-designers-and-decorators/upside-artist-pfvwin-pf~2118481952,interior-designers
Inner Space,099808 33308,https://st.hzcdn.com/simgs/0283fe1a012b52f2_0-8771/_.jpg,Whitefield ,Bangalore,,560066,IN,"Whitefield , Bangalore, 560066",12.9703,77.7468,500009,http://facebook.com/innerspaceindia,,,,https://www.houzz.in/professionals/interior-designers-and-decorators/inner-space-pfvwin-pf~1921257046,interior-designers
Ariyona Interior,022 2411 0710,https://st.hzcdn.com/simgs/c98395140a13dea7_0-9939/_.jpg, ,Mumbai,Maharashtra,400037,IN," , Mumbai, Maharashtra, 400037",19.023,72.8717,500009,,,https://www.linkedin.com/in/rittika-ariyonainterior/,www.ariyonainterior.com,https://www.houzz.in/hznb/professionals/interior-designers-and-decorators/ariyona-interior-pfvwus-pf~939588271,interior-designers
veterans Interiors,099723 72573,https://st.hzcdn.com/simgs/1fb3b29807bed3ab_0-1277/_.jpg, ,Bangalore,Karnataka,,IN," , Bangalore, Karnataka",12.9719,77.5937,500009,https://www.facebook.com/bangalorebestinteriors/,,,veteransinteriors.com,https://www.houzz.in/professionals/interior-designers-and-decorators/veterans-interiors-pfvwin-pf~2048931742,interior-designers
HOC DESIGN ARCH,084483 37728,https://st.hzcdn.com/simgs/13f38e7f078a39c2_0-6042/_.jpg,"460, Sector 42, Golf Course Road, Gurgaon, ",,Delhi,122002,IN,"460, Sector 42, Golf Course Road, Gurgaon, , Delhi, 122002",28.4687,77.0976,500009,www.facebook.com/hocdesignarch,,https://www.linkedin.com/feed/?trk=homepage-basic_google-one-tap-submit,http://www.hocdesignarch.in,https://www.houzz.in/professionals/interior-designers-and-decorators/hoc-design-arch-pfvwin-pf~253826128,interior-designers
Homez Designer,070422 73168,https://st.hzcdn.com/simgs/e0d3a7a10c45627e_0-6170/_.jpg,"I - 1670 , 7th Avenue Gaur city ",Noida,,201309,IN,"I - 1670 , 7th Avenue Gaur city , Noida, 201309",,,500009,,,,https://www.instagram.com/homezdesigner/?hl=en,https://www.houzz.in/hznb/professionals/interior-designers-and-decorators/homez-designer-pfvwus-pf~1831973025,interior-designers
Unity Interiors,074051 69196,https://st.hzcdn.com/simgs/27c3153f0c66334f_0-4188/_.jpg,"B 501 shivalaya 2, Bileshwar mahadev road, satellite, Ahmedabad. 506, i square business park, science city road, Ahmedabad.",Ahmedabad,Gujarat,380015,IN,"B 501 shivalaya 2, Bileshwar mahadev road, satellite, Ahmedabad. 506, i square business park, science city road, Ahmedabad., Ahmedabad, Gujarat, 380015",,,500009,,,https://www.linkedin.com/in/ektamakadia/,www.unityinteriors.com,https://www.houzz.in/professionals/interior-designers-and-decorators/unity-interiors-pfvwin-pf~1739826860,interior-designers
Decoruss,099366 28880,https://st.hzcdn.com/simgs/3e039cce0aeab500_0-0425/_.jpg,"Jewel Apartment, 503 A, 6th Way Lane, Jopling Road Behind Shalimar Grand Lucknow",Lucknow,Uttar Pradesh,226001,IN,"Jewel Apartment, 503 A, 6th Way Lane, Jopling Road Behind Shalimar Grand Lucknow, Lucknow, Uttar Pradesh, 226001",26.8494,80.9471,500009,https://www.facebook.com/DecorussIndia,,,www.decoruss.com,https://www.houzz.in/professionals/interior-designers-and-decorators/decoruss-pfvwin-pf~2016497379,interior-designers
Limehouse Design Studio,098202 58123,https://st.hzcdn.com/simgs/609399b10c208e63_0-4099/_.jpg, ,Mumbai,Maharashtra,400070,IN," , Mumbai, Maharashtra, 400070",,,500009,https://facebook.com/limehousedesignstudio,,,www.limehousedesignstudio.com,https://www.houzz.in/professionals/interior-designers-and-decorators/limehouse-design-studio-pfvwin-pf~791126784,interior-designers
Canvasinc Architecture Interiors,097698 69943,https://st.hzcdn.com/simgs/03a3e4530cab4cfb_0-1305/_.jpg,Mahavir Nagar ,Kandivali west,Maharashtra,400067,IN,"Mahavir Nagar , Kandivali west, Maharashtra, 400067",19.2116,72.8277,500009,https://www.facebook.com/canvasincdesign/,,,http://canvasinc.in/,https://www.houzz.in/professionals/interior-designers-and-decorators/canvasinc-architecture-interiors-pfvwin-pf~1354075191,interior-designers
9 Degree Design Studio,098240 08841,https://st.hzcdn.com/simgs/866301d101320902_0-0652/_.jpg,"B-3, Stya Triveni Apartment, Nr. Shalby Hospital, Opp. Karnavati club, Ramdevnagar, Ahmedabad.",ahmedabad,Gujarat,380015,IN,"B-3, Stya Triveni Apartment, Nr. Shalby Hospital, Opp. Karnavati club, Ramdevnagar, Ahmedabad., ahmedabad, Gujarat, 380015",23.0188,72.5236,500009,https://www.facebook.com/9degreedesignstudio,,https://www.linkedin.com/in/chirag-mehta-49a0ba171/,https://www.9degreedesignstudio.com/,https://www.houzz.in/professionals/interior-designers-and-decorators/9-degree-design-studio-pfvwin-pf~1765490671,interior-designers
Home2decor- Mumbai,080804 55171,https://st.hzcdn.com/simgs/628373bc0e9276c9_0-2455/_.jpg,"C-314 A, Eastern Business District, Neptune Living Point LBS Road, Bhandup (West)",Mumbai,Maharashtra,400078,IN,"C-314 A, Eastern Business District, Neptune Living Point LBS Road, Bhandup (West), Mumbai, Maharashtra, 400078",,,500009,https://www.facebook.com/studio.home2decor/,https://twitter.com/home2decor,https://www.linkedin.com/company/home2decor,https://www.home2decor.com/blog/,https://www.houzz.in/professionals/interior-designers-and-decorators/home2decor-mumbai-pfvwin-pf~943455235,interior-designers
Earthborne by Dezign,099205 33066,https://st.hzcdn.com/simgs/e503c1cd01e92d4b_0-3700/_.jpg,Khar West ,Mumbai,Maharashtra,400052,IN,"Khar West , Mumbai, Maharashtra, 400052",,,500009,,,https://www.linkedin.com/in/pallavi-goel-75357662/,,https://www.houzz.in/professionals/interior-designers-and-decorators/earthborne-by-dezign-pfvwin-pf~1200397320,interior-designers
Innovative Solutions,070095 20671,https://st.hzcdn.com/simgs/a3533cce005f0939_0-9221/_.jpg,"Zirakpur,Chandigarh ",chandigarh,Chandigarh,140507,IN,"Zirakpur,Chandigarh , chandigarh, Chandigarh, 140507",30.584,76.8596,500009,http://facebook.com/yashantanu,,,http://www.flickr.com/photos/abc123-or-/,https://www.houzz.in/professionals/interior-designers-and-decorators/innovative-solutions-pfvwin-pf~1291998449,interior-designers
Matrix FMS India Pvt Ltd,085549 92534,https://st.hzcdn.com/simgs/69b3f05d0f9bb14a_0-8987/_.jpg,Flat No 221 Building B1 Tanish Home Dighi,PUNE,Maharashtra,411015,IN,"Flat No 221 Building B1 Tanish Home Dighi, PUNE, Maharashtra, 411015",,,500009,https://www.facebook.com/matrixfms,,https://www.linkedin.com/company/matrixfms/about/,https://matrixfms.in/,https://www.houzz.in/professionals/interior-designers-and-decorators/matrix-fms-india-pvt-ltd-pfvwin-pf~314539042,interior-designers
CozyNest Interiors,099450 01156,https://st.hzcdn.com/simgs/70f3422600ee38ad_0-4318/_.jpg,"20E, Asset Enclave, Whitefield Bengaluru",Bangalore,Karnataka,560 066,IN,"20E, Asset Enclave, Whitefield Bengaluru, Bangalore, Karnataka, 560 066",,,500009,http://www.facebook.com/cozynestinteriors,,http://www.linkedin.com/in/neelusumalathamallajosula,Www.cozynestinteriors.com,https://www.houzz.in/professionals/interior-designers-and-decorators/cozynest-interiors-pfvwin-pf~1006970517,interior-designers
MK Design Architects And Interior Consultants,098840 01255,https://st.hzcdn.com/simgs/8913ff490678f8c6_0-9004/_.jpg, ,Chennai,Tamil Nadu,600060,IN," , Chennai, Tamil Nadu, 600060",13.1623,80.2265,500009,,,,,https://www.houzz.in/hznb/professionals/interior-designers-and-decorators/mk-design-architects-and-interior-consultants-pfvwus-pf~815439023,interior-designers
HOHM EDITORS Interior Design Studio,081978 63353,https://st.hzcdn.com/simgs/d583c8390f211b32_0-9034/_.jpg,"Ground Floor, Myscape Weave, sy no. 322, Myscape Rd, Financial District Nanakramguda",HYDERABAD,Telangana,500032,IN,"Ground Floor, Myscape Weave, sy no. 322, Myscape Rd, Financial District Nanakramguda, HYDERABAD, Telangana, 500032",17.433,78.3503,500009,facebook.com/139790357822949,twitter.com/EditorsHohm,linkedin.com/feed/,www.hohmeditors.com,https://www.houzz.in/hznb/professionals/interior-designers-and-decorators/hohm-editors-interior-design-studio-pfvwus-pf~1799218454,interior-designers
Gorakhpur Interior World,094511 17883,https://st.hzcdn.com/simgs/c9e32e1400229370_0-8290/_.jpg,"Ajit Apartment 2nd Flour Budhvihar, near Satya Hospital, Part-1, Taramandal",Gorakhpur,Uttar Pradesh,273016,IN,"Ajit Apartment 2nd Flour Budhvihar, near Satya Hospital, Part-1, Taramandal, Gorakhpur, Uttar Pradesh, 273016",26.7262,83.3389,500009,https://www.facebook.com/gorakhpurhomeinterior/,,,https://gorakhpurinterior-world.com/,https://www.houzz.in/professionals/interior-designers-and-decorators/gorakhpur-interior-world-pfvwin-pf~1581182372,interior-designers
FINELOOK INTERIOR,070107 01604,https://st.hzcdn.com/simgs/d003a02b0e634c85_0-3123/_.jpg,"1/84,Manickammal Thottam, Pollachi Road, Seerapalayam, Pudur, Eachanari. ",Coimbatore,Tamil Nadu,641021,IN,"1/84,Manickammal Thottam, Pollachi Road, Seerapalayam, Pudur, Eachanari. , Coimbatore, Tamil Nadu, 641021",,,500009,https://www.facebook.com/finelookinterior/,https://twitter.com/FinelookI,https://www.linkedin.com/in/finelook-interior-320b10201/,https://finelookinterior.com,https://www.houzz.in/professionals/interior-designers-and-decorators/finelook-interior-pfvwin-pf~1010353953,interior-designers
Bizzoppo Interiors,086672 23919,https://st.hzcdn.com/simgs/ec134813001d365d_0-7206/_.jpg,"5/314, 1st Floor Okkiyampet, Thoraipakkam, Old Mahabalipuram Road",Chennai,Tamil Nadu,600097,IN,"5/314, 1st Floor Okkiyampet, Thoraipakkam, Old Mahabalipuram Road, Chennai, Tamil Nadu, 600097",12.9319,80.2337,500009,https://www.facebook.com/bizzoppo/,https://twitter.com/bizzoppo,,https://www.instagram.com/bizzoppo/,https://www.houzz.in/professionals/interior-designers-and-decorators/bizzoppo-interiors-pfvwin-pf~406780843,interior-designers
Amusing Interior,093500 09048,https://st.hzcdn.com/simgs/eea3155f0a3cedd4_0-7093/_.jpg, ,Noida,Uttar Pradesh,201307,IN," , Noida, Uttar Pradesh, 201307",28.5978,77.3884,500009,https://www.facebook.com/AMUdesigns/,https://twitter.com/AMUdesigns,https://www.linkedin.com/in/amusinginterior/,http://www.amusinginterior.com/,https://www.houzz.in/professionals/interior-designers-and-decorators/amusing-interior-pfvwin-pf~724331886,interior-designers
Bosky Interior,098300 06424,https://st.hzcdn.com/simgs/2353e19e04ca1719_0-9999/_.jpg,"Shop No. 237,238, 2nd floor, Axis Mall Street No.106, Action Area-1 , New Town",Kolkata,West Bengal,700156,IN,"Shop No. 237,238, 2nd floor, Axis Mall Street No.106, Action Area-1 , New Town, Kolkata, West Bengal, 700156",22.5836,88.4727,500009,https://www.facebook.com/boskyfurnitureinterior,,,https://x.com/BoskyFurniture,https://www.houzz.in/professionals/interior-designers-and-decorators/bosky-interior-pfvwin-pf~1640716615,interior-designers
Area Planz Design,099221 32225,https://st.hzcdn.com/simgs/25f341a105672c8c_0-5014/_.jpg,"Shivom Regency, 603, Above Jyoti Gas appliances ",Pune,Maharashtra,411045,IN,"Shivom Regency, 603, Above Jyoti Gas appliances , Pune, Maharashtra, 411045",18.5671,73.7685,500009,https://www.facebook.com/profile.php?id=100008971787212,https://twitter.com/area_planz,https://www.linkedin.com/home?trk=nav_responsive_tab_home,www.areaplanzdesign.com,https://www.houzz.in/hznb/professionals/interior-designers-and-decorators/area-planz-design-pfvwus-pf~2081856997,interior-designers
Anushka Contractor,098335 40645,https://st.hzcdn.com/simgs/29f34bae05a3ba43_0-6151/_.jpg, ,Mumbai,,400018,IN," , Mumbai, 400018",18.9927,72.8172,500009,https://www.facebook.com/anushkacstudio/,,https://www.linkedin.com/in/anushka-contractor-37505293,https://www.anushkacstudio.com,https://www.houzz.in/professionals/interior-designers-and-decorators/anushka-contractor-pfvwin-pf~813885795,interior-designers
The Cactus - By Akansha,082477 56113,https://st.hzcdn.com/simgs/a10352b30eb8fa0e_0-2751/_.jpg,HAFEEZPAET ,HYDERABAD,Telangana,500049,IN,"HAFEEZPAET , HYDERABAD, Telangana, 500049",,,500009,,,https://www.linkedin.com/in/akansha-srivastava-4709b1125,https://www.instagram.com/thecactusbyakansha/,https://www.houzz.in/professionals/interior-designers-and-decorators/the-cactus-by-akansha-pfvwin-pf~943346355,interior-designers
The KariGhars,070227 25656,https://st.hzcdn.com/simgs/12835f4b03720727_0-6283/_.jpg,"1st floor, 2798, 27th Main Rd, Agara Village, 1st Sector HSR Layout",Karnataka,,560102,IN,"1st floor, 2798, 27th Main Rd, Agara Village, 1st Sector HSR Layout, Karnataka, 560102",12.9114,77.6443,500009,https://www.facebook.com/thekarighars/,https://twitter.com/thekarighars,https://www.linkedin.com/company/the-karighars,http://blog.thekarighars.com/,https://www.houzz.in/professionals/interior-designers-and-decorators/the-karighars-pfvwin-pf~973310386,interior-designers
Puru- Home Ensemble,070285 84249,https://st.hzcdn.com/simgs/7be3303b0f6f0022_0-6584/_.jpg,1/11 Champaratna society Uday baug near BT kavade flyover ,Pune,Maharashtra,411001,IN,"1/11 Champaratna society Uday baug near BT kavade flyover , Pune, Maharashtra, 411001",18.5229,73.8853,500009,https://www.facebook.com/puruhome/,,,puruhome.in,https://www.houzz.in/hznb/professionals/interior-designers-and-decorators/puru-home-ensemble-pfvwus-pf~1581055516,interior-designers
Denotation Design,097179 96033,https://st.hzcdn.com/simgs/2ac3dbed04daf487_0-5593/_.jpg,"136 B, Pocket C, Sidharth Extension, ",Delhi,Delhi,110014,IN,"136 B, Pocket C, Sidharth Extension, , Delhi, Delhi, 110014",28.5775,77.2681,500009,,,,denotation@gmail.com,https://www.houzz.in/hznb/professionals/interior-designers-and-decorators/denotation-design-pfvwus-pf~1736522040,interior-designers
Houseof9design,,https://st.hzcdn.com/simgs/54732b990c8a0595_0-8633/_.jpg, ,Bangalore Urban,Karnataka,560094,IN," , Bangalore Urban, Karnataka, 560094",13.0358,77.5773,500009,https://www.facebook.com/houseof9design/,,,https://www.houseof9design.com/,https://www.houzz.in/professionals/interior-designers-and-decorators/houseof9design-pfvwin-pf~1227747399,interior-designers
deSigneR - Architects and Interior Designers,083569 70126,https://st.hzcdn.com/simgs/4353b7f70ad5bd07_0-7646/_.jpg,"8 Ashiana, 3rd floor, Mahalaxmi Temple Compound, BD road ",Mumbai,Maharashtra,400026,IN,"8 Ashiana, 3rd floor, Mahalaxmi Temple Compound, BD road , Mumbai, Maharashtra, 400026",18.9739,72.8071,500009,,,,,https://www.houzz.in/professionals/interior-designers-and-decorators/designer-architects-and-interior-designers-pfvwin-pf~506363996,interior-designers
Armonia Ventures Pvt Ltd,078997 26601,https://st.hzcdn.com/simgs/4623e37a0ac5ff2a_0-4678/_.jpg, ,Bengaluru,Karnataka,560085,IN," , Bengaluru, Karnataka, 560085",12.9287,77.5427,500009,https://www.facebook.com/Armoniaventurespvtltd,,,https://armoniainteriors.co.in/,https://www.houzz.in/professionals/interior-designers-and-decorators/armonia-ventures-pvt-ltd-pfvwin-pf~1294793233,interior-designers
Amour Interiors,085869 99198,https://st.hzcdn.com/simgs/2233445c04a2a797_0-1854/_.jpg,"9th Floor, Tricity Trade Tower, Patiala Rd, nearby Radisson hotel, Zirakpur, Nabha, Punjab 140603 Chandigarh",Chandigarh,Chandigarh,,IN,"9th Floor, Tricity Trade Tower, Patiala Rd, nearby Radisson hotel, Zirakpur, Nabha, Punjab 140603 Chandigarh, Chandigarh, Chandigarh",30.7363,76.7884,500009,,,,amourinteriors.in,https://www.houzz.in/professionals/interior-designers-and-decorators/amour-interiors-pfvwin-pf~222866701,interior-designers
Design Storie,091529 16125,https://st.hzcdn.com/simgs/df7364ed0d39ec10_0-7017/_.jpg,"A/503, Sushil building, Atmaram Sawant Marg Ashok Nagar, Kandivali East",Mumbai,Maharashtra,400101,IN,"A/503, Sushil building, Atmaram Sawant Marg Ashok Nagar, Kandivali East, Mumbai, Maharashtra, 400101",,,500009,https://www.facebook.com/designstorie,,https://www.linkedin.com/in/janvi-mehta07/,https://www.instagram.com/designstorie_interiors/,https://www.houzz.in/professionals/interior-designers-and-decorators/design-storie-pfvwin-pf~1261899550,interior-designers
The Artwill,097988 36387,https://st.hzcdn.com/simgs/709318500f2a6884_0-3117/_.jpg,H no. P 17B Vijay Nagar road no-3 Hanuman Nagar kankarbag patna-20 ,Patna,Bihar,800020,IN,"H no. P 17B Vijay Nagar road no-3 Hanuman Nagar kankarbag patna-20 , Patna, Bihar, 800020",25.5822,85.1464,500009,https://www.facebook.com/theartwillindia/,https://twitter.com/Theartwillpatna,https://www.linkedin.com/in/art-will/,,https://www.houzz.in/professionals/interior-designers-and-decorators/the-artwill-pfvwin-pf~1891483883,interior-designers
Ample Designs,096068 40029,https://st.hzcdn.com/simgs/0f13ceae03888741_0-6487/_.jpg,"DSR Diya Arcade 220, 5th floor 9th Main Rd HRBR Layout 1st Block, HRBR Layout,Kalyan Nagar, Bengaluru, Karnataka",Bengaluru,Karnataka,560043,IN,"DSR Diya Arcade 220, 5th floor 9th Main Rd HRBR Layout 1st Block, HRBR Layout,Kalyan Nagar, Bengaluru, Karnataka, Bengaluru, Karnataka, 560043",13.0243,77.6537,500009,https://www.facebook.com/AmpleDesignsBangalore/,,https://www.linkedin.com/company/ample-designs-bengaluru/,,https://www.houzz.in/professionals/interior-designers-and-decorators/ample-designs-pfvwin-pf~63355050,interior-designers
studío29,098208 77177,https://st.hzcdn.com/simgs/3e137dcf0ebd9044_0-2366/_.jpg,"Hiranandani Gardens, Powai ",Mumbai,Maharashtra,400076,IN,"Hiranandani Gardens, Powai , Mumbai, Maharashtra, 400076",19.1244,72.9104,500009,,,,,https://www.houzz.in/professionals/interior-designers-and-decorators/studio29-pfvwin-pf~1228555339,interior-designers
The 7th Corner Interiors,098209 38337,https://st.hzcdn.com/simgs/0be38b4e0b177ded_0-6221/_.jpg,"Sajag chs 702, Shimpoli Road, Next to Bank of Baroda Borivali West",Mumbai,Maharashtra,400092,IN,"Sajag chs 702, Shimpoli Road, Next to Bank of Baroda Borivali West, Mumbai, Maharashtra, 400092",,,500009,,,,https://www.the7thcornerinterior.com/,https://www.houzz.in/professionals/interior-designers-and-decorators/the-7th-corner-interiors-pfvwin-pf~884056877,interior-designers
IBR Designs,099456 41410,https://st.hzcdn.com/simgs/7633077e02fa04c0_0-3584/_.jpg,"L176, 3rd floor, Sector 6, HSR layout ",Bangalore,,560102,IN,"L176, 3rd floor, Sector 6, HSR layout , Bangalore, 560102",12.9114,77.6443,500009,http://www.facebook.com/interiorsbyranjani,https://twitter.com/IBRdesignsblr,https://www.linkedin.com/in/ranjani-s-58b60723,www.ibrdesigns.com,https://www.houzz.in/professionals/interior-designers-and-decorators/ibr-designs-pfvwin-pf~1259165186,interior-designers
minakshi mohite,084592 15012,https://st.hzcdn.com/simgs/3173e7fd00b0de75_0-2126/_.jpg,PUNE ,PUNE,Maharashtra,411044,IN,"PUNE , PUNE, Maharashtra, 411044",18.66,73.7711,500009,,,,www.mohiteandassociates.com,https://www.houzz.in/professionals/interior-designers-and-decorators/minakshi-mohite-pfvwin-pf~1740650292,interior-designers
Meticular Interiors,079956 99585,https://st.hzcdn.com/simgs/2573f4c10b098321_0-0050/_.jpg,"Awfis, Lorven Tiara, 1st floor Kothaguda Junction, Kondapur",Hyderabad,Telangana,500084,IN,"Awfis, Lorven Tiara, 1st floor Kothaguda Junction, Kondapur, Hyderabad, Telangana, 500084",17.4703,78.3578,500009,,,,,https://www.houzz.in/professionals/interior-designers-and-decorators/meticular-interiors-pfvwin-pf~1798428546,interior-designers
H interior Design,098230 73182,https://st.hzcdn.com/simgs/87f3126e00d30f3a_0-9416/_.jpg,"Sky vie apartment,A3-302,Near Dorabjee's,Viman Nagar pune ",Pune,Maharashtra,411014,IN,"Sky vie apartment,A3-302,Near Dorabjee's,Viman Nagar pune , Pune, Maharashtra, 411014",18.5572,73.9417,500009,https://www.facebook.com/H-Designs-464015123684622/,,,,https://www.houzz.in/hznb/professionals/interior-designers-and-decorators/h-interior-design-pfvwus-pf~663060224,interior-designers
Savio & Rupa Interior Concepts (Bangalore),080 2553 0777,https://st.hzcdn.com/simgs/9c53f93c0f01ecb7_0-7159/_.jpg,"Savio & Rupa Interior Concepts, No: 91, 2nd floor, 1st C Main Road, Jakkasandra Extn., Koramangala, Bangalore 34",Bangalore,Karnataka,560 034,IN,"Savio & Rupa Interior Concepts, No: 91, 2nd floor, 1st C Main Road, Jakkasandra Extn., Koramangala, Bangalore 34, Bangalore, Karnataka, 560 034",12.9269,77.6347,500009,https://www.facebook.com/savioandrupa,,,http://www.savioandrupa.com,https://www.houzz.in/professionals/interior-designers-and-decorators/savio-and-rupa-interior-concepts-bangalore-pfvwin-pf~125949684,interior-designers
Tweak Interiors,091085 51788,https://st.hzcdn.com/simgs/44a338440f539fee_0-3351/_.jpg,"Purvanchal Royal Park Expressway, Sector 137",Noida,Uttar Pradesh,201305,IN,"Purvanchal Royal Park Expressway, Sector 137, Noida, Uttar Pradesh, 201305",,,500009,https://www.facebook.com/bestinteriordesigndelhi/,https://twitter.com/interiors_tweak/,https://www.linkedin.com/company/7793452/admin/,https://www.tweakinteriors.in/,https://www.houzz.in/professionals/interior-designers-and-decorators/tweak-interiors-pfvwin-pf~884755253,interior-designers
Regalias Modular Designers,092465 49995,https://st.hzcdn.com/simgs/b21334c103da7a71_0-5099/_.jpg,"2-24-85/3/1/A Lakshmi Narayana Nagar Colony, IDA Uppal, Ramanthapur",Hyderabad,,500039,IN,"2-24-85/3/1/A Lakshmi Narayana Nagar Colony, IDA Uppal, Ramanthapur, Hyderabad, 500039",17.3976,78.5831,500009,https://www.facebook.com/regaliasinterior/,https://twitter.com/regaliaskitchen,https://www.linkedin.com/in/regalias-interio-1805baa5/,http://regaliasinterio.com,https://www.houzz.in/professionals/interior-designers-and-decorators/regalias-modular-designers-pfvwin-pf~403458499,interior-designers
Gruham by Tejal,099209 55868,https://st.hzcdn.com/simgs/af33a70107872f1d_0-2717/_.jpg, ,Mumbai,Maharashtra,,IN," , Mumbai, Maharashtra",19.0728,72.8826,500009,,,,,https://www.houzz.in/professionals/interior-designers-and-decorators/gruham-by-tejal-pfvwin-pf~668144848,interior-designers
REVAMP SPACELINE,096517 86662,https://st.hzcdn.com/simgs/3a53b2c40628be91_0-9724/_.jpg,"5th Floor, TS Tower ,15A, Ashok Marg, Hazratganj ",Lucknow,Uttar Pradesh,226001,IN,"5th Floor, TS Tower ,15A, Ashok Marg, Hazratganj , Lucknow, Uttar Pradesh, 226001",26.8494,80.9471,500009,,,,,https://www.houzz.in/professionals/interior-designers-and-decorators/revamp-spaceline-pfvwin-pf~441398434,interior-designers
3A Architects,096111 00533,https://st.hzcdn.com/simgs/9a037fc403c3ab66_0-9145/_.jpg,1524 Hoysala Commander's Retreat Bhadrappa Layout Kodigehalli ,Bangalore,,560094,IN,"1524 Hoysala Commander's Retreat Bhadrappa Layout Kodigehalli , Bangalore, 560094",13.0358,77.5773,500009,https://www.facebook.com/3aarchitects/,,,https://www.instagram.com/geethami17/,https://www.houzz.in/professionals/interior-designers-and-decorators/3a-architects-pfvwin-pf~1132673850,interior-designers
Purple Backyard,077770 98750,https://st.hzcdn.com/simgs/8af3de8707d7d155_0-8654/_.jpg, ,Mumbai,Maharashtra,,IN," , Mumbai, Maharashtra",19.0728,72.8826,500009,https://www.facebook.com/purplebackyard/,,www.linkedin.com/in/kumpalvaidpb,www.purplebackyard.com,https://www.houzz.in/hznb/professionals/interior-designers-and-decorators/purple-backyard-pfvwus-pf~1327547392,interior-designers
Mallika Seth,098805 89811,https://st.hzcdn.com/simgs/0c03cadb09a69abe_0-0819/_.jpg,C.V.Raman nagar ,Bangalore,Karnataka,560093,IN,"C.V.Raman nagar , Bangalore, Karnataka, 560093",,,500009,https://www.facebook.com/architectbangalore/,,https://www.linkedin.com/in/mallikaseth/,https://www.instagram.com/mallikarohatgiseth/,https://www.houzz.in/hznb/professionals/interior-designers-and-decorators/mallika-seth-pfvwus-pf~788766660,interior-designers
Interior homes decor Ranchi,093240 03514,https://st.hzcdn.com/simgs/d673e0fd0120a893_0-7462/_.jpg,All over Ranchi ,Ranchi,Jharkhand,834001,IN,"All over Ranchi , Ranchi, Jharkhand, 834001",,,500009,https://www.facebook.com/profile.php?id=61561534824803&mibextid=ZbWKwL,,,https://x.com/Vikramrana9955?t=buJRYCdKWPxaHZZTbuxBLA&s=09,https://www.houzz.in/professionals/interior-designers-and-decorators/interior-homes-decor-ranchi-pfvwin-pf~1673746502,interior-designers
Studio Kajal Soni,070219 67238,https://st.hzcdn.com/simgs/9413ca950e6a6f6c_0-3646/_.jpg,Mumbai ,Mumbai,Maharashtra,400607,IN,"Mumbai , Mumbai, Maharashtra, 400607",,,500009,https://www.facebook.com/Studio-Kajal-Soni-2299260857008456/,,https://www.linkedin.com/in/kajal-soni-14903241/,www.studiokajalsoni.com,https://www.houzz.in/professionals/interior-designers-and-decorators/studio-kajal-soni-pfvwin-pf~1832433857,interior-designers
Ayatrio,090074 04292,https://st.hzcdn.com/simgs/0cb360f90d4866ab_0-1546/_.jpg,25 C Elliot Road Park Street,Kolkata,West Bengal,700016,IN,"25 C Elliot Road Park Street, Kolkata, West Bengal, 700016",22.5538,88.3576,500009,https://www.facebook.com/ayatrio.india/,https://twitter.com/ayatrio_india,https://www.linkedin.com/company/14407474,www.ayatrio.com,https://www.houzz.in/professionals/interior-designers-and-decorators/ayatrio-pfvwin-pf~1924651478,interior-designers
LINE UP (Interior Designer),093152 01163,https://st.hzcdn.com/simgs/5b73026702553e09_0-4054/_.jpg,"C-31/10, Sector-12 ",Noida,Uttar Pradesh,201301,IN,"C-31/10, Sector-12 , Noida, Uttar Pradesh, 201301",28.5823,77.3223,500009,,,,,https://www.houzz.in/professionals/interior-designers-and-decorators/line-up-interior-designer-pfvwin-pf~1992556868,interior-designers
Archstuff Design,090092 66111,https://st.hzcdn.com/simgs/b39357db00d9b8b4_0-2548/_.jpg,"10A ,sheetal nagar Vijay nagar, near Redisson hotel Square",Indore,Madhya Pradesh,452010,IN,"10A ,sheetal nagar Vijay nagar, near Redisson hotel Square, Indore, Madhya Pradesh, 452010",22.7796,75.8924,500009,,,,,https://www.houzz.in/professionals/interior-designers-and-decorators/archstuff-design-pfvwin-pf~792779788,interior-designers
JSDESIGN_INDIA,099144 82603,https://st.hzcdn.com/simgs/5633b5f701481f63_0-8691/_.jpg,Chandigarh ,dera bassi,Chandigarh,140201,IN,"Chandigarh , dera bassi, Chandigarh, 140201",30.6137,76.8365,500009,,,,https://www.instagram.com/jsdesign_india/,https://www.houzz.in/professionals/interior-designers-and-decorators/jsdesign-india-pfvwin-pf~130267400,interior-designers
MOSID,096507 06676,https://st.hzcdn.com/simgs/20237886019253de_0-5338/_.jpg,"1328(B), 13TH Avenue, Galleria Market, DLF Phase-4, Golf Course Road ",gurgaon,Haryana,122002,IN,"1328(B), 13TH Avenue, Galleria Market, DLF Phase-4, Golf Course Road , gurgaon, Haryana, 122002",,,500009,https://www.facebook.com/MOSIDDESIGNS,https://twitter.com/MosidDesigns,https://www.linkedin.com/company/mosid,www.mosid.in,https://www.houzz.in/hznb/professionals/interior-designers-and-decorators/mosid-pfvwus-pf~1136819350,interior-designers
Azaré Collective,099529 03530,https://st.hzcdn.com/simgs/35e3d076037be310_0-1647/_.jpg,"New no.9, old no.5 shaffee mohammed road, off greams road ",Chennai,Tamil Nadu,600006,IN,"New no.9, old no.5 shaffee mohammed road, off greams road , Chennai, Tamil Nadu, 600006",,,500009,https://www.facebook.com/azarecollective,,,,https://www.houzz.in/professionals/interior-designers-and-decorators/azare-collective-pfvwin-pf~2118567268,interior-designers
Studio Plum,093216 80273,https://st.hzcdn.com/simgs/75e3291c0f3ba98b_0-7912/_.jpg,"Fortune Plaza, Hadapsar, Pune ",Pune,Maharashtra,411028,IN,"Fortune Plaza, Hadapsar, Pune , Pune, Maharashtra, 411028",,,500009,https://www.facebook.com/studiopluminteriors,,https://www.linkedin.com/company/70238308/admin/,www.studiopluminteriors.com,https://www.houzz.in/hznb/professionals/interior-designers-and-decorators/studio-plum-pfvwus-pf~943561271,interior-designers
Design for a Dime Interiors,093100 82224,https://st.hzcdn.com/simgs/90e3413a0ffe8420_0-5756/_.jpg,New Delhi ,New Delhi,Haryana,121002,IN,"New Delhi , New Delhi, Haryana, 121002",,,500009,,,,"www,designforadimeinteriors.com",https://www.houzz.in/hznb/professionals/interior-designers-and-decorators/design-for-a-dime-interiors-pfvwus-pf~1543723649,interior-designers
SpaceCrafts,086607 23572,https://st.hzcdn.com/simgs/e44358ae05a4b53a_0-7660/_.jpg, ,Bangalore,Karnataka,,IN," , Bangalore, Karnataka",12.9719,77.5937,500009,https://www.facebook.com/pages/SpaceCraftsin/1005496409491315,,https://in.linkedin.com/company/spacecrafts-home-interiors,http://SpaceCrafts.in,https://www.houzz.in/hznb/professionals/interior-designers-and-decorators/spacecrafts-pfvwus-pf~974757450,interior-designers
Near Me Interiors,090733 33144,https://st.hzcdn.com/simgs/b9c3386b0ca9f8b0_0-9713/_.jpg,"6B/79,Mukundpur,Kolkata ",Kolkata,West Bengal,700099,IN,"6B/79,Mukundpur,Kolkata , Kolkata, West Bengal, 700099",22.4911,88.4085,500009,https://www.facebook.com/nearmeinteriors/,https://twitter.com/nearmeinteriors,https://www.linkedin.com/company/near-me-interiors/,nearmeinteriors.com,https://www.houzz.in/hznb/professionals/interior-designers-and-decorators/near-me-interiors-pfvwus-pf~850217938,interior-designers
L Square Interiors Concept,099981 66665,https://st.hzcdn.com/simgs/74939d9c0a0d2dc5_0-2131/_.jpg,Vadodara Vadodara,Vadodara,Gujarat,,IN,"Vadodara Vadodara, Vadodara, Gujarat",22.2994,73.2081,500009,https://www.facebook.com/lsquareinteriorconcept/?ref=aymt_homepage_panel,,https://www.linkedin.com/in/laxman-suthar-a7a6ba163/#experience-section,,https://www.houzz.in/professionals/interior-designers-and-decorators/l-square-interiors-concept-pfvwin-pf~1420204549,interior-designers
Zee Interior,095341 52222,https://st.hzcdn.com/simgs/d17373ef0da44aec_0-0069/_.jpg,"1st floor, Grand Appartment,  New Dak Bunglow Rd, Patna, Bihar 800001 ",Patna,Bihar,800001,IN,"1st floor, Grand Appartment,  New Dak Bunglow Rd, Patna, Bihar 800001 , Patna, Bihar, 800001",25.6058,85.1285,500009,,,,,https://www.houzz.in/professionals/interior-designers-and-decorators/zee-interior-pfvwin-pf~565630755,interior-designers
The Line Studio,093794 86724,https://st.hzcdn.com/simgs/0c13fe970e427135_0-9652/_.jpg,"46/1, 5th Floor Cobalt Building, Church Street",Bengaluru,Karnataka,560001,IN,"46/1, 5th Floor Cobalt Building, Church Street, Bengaluru, Karnataka, 560001",,,500009,,https://twitter.com/TheLineStudio1,https://www.linkedin.com/company/the-linestudio/?viewAsMember=true,,https://www.houzz.in/hznb/professionals/interior-designers-and-decorators/the-line-studio-pfvwus-pf~1511272838,interior-designers
Anisha Chandy Design Studio,095660 82557,https://st.hzcdn.com/simgs/45932836024c4869_0-2316/_.jpg,"26, Hosur Rd, Richmond Town, Bengaluru, Karnataka 560025 ",Bengaluru,Karnataka,560025,IN,"26, Hosur Rd, Richmond Town, Bengaluru, Karnataka 560025 , Bengaluru, Karnataka, 560025",12.9621,77.6073,500009,,,https://www.linkedin.com/in/anisha-sarah/,https://www.instagram.com/anishachandystudio,https://www.houzz.in/professionals/interior-designers-and-decorators/anisha-chandy-design-studio-pfvwin-pf~1640246507,interior-designers
Bauhaus Spaces,080850 10847,https://st.hzcdn.com/simgs/9e23315b0f49e85e_0-8324/_.jpg,"E-22,The Parkland Balewadi",Pune,Maharashtra,411045,IN,"E-22,The Parkland Balewadi, Pune, Maharashtra, 411045",18.5671,73.7685,500009,https://www.facebook.com/Thebauhausdesigns,,,www.bauhauspaces.com,https://www.houzz.in/professionals/interior-designers-and-decorators/bauhaus-spaces-pfvwin-pf~473721569,interior-designers
Cornerstone Design Studio India,088848 51444,https://st.hzcdn.com/simgs/7f03d2100684debe_0-8351/_.jpg,"HLF Estates, Cave Temple Road Bannerghatta Road",Bangalore,,560076,IN,"HLF Estates, Cave Temple Road Bannerghatta Road, Bangalore, 560076",12.8856,77.598,500009,www.facebook.com/CSDSindia,https://twitter.com/CSDSindia,in.linkedin.com/in/csdsindia/,,https://www.houzz.in/professionals/interior-designers-and-decorators/cornerstone-design-studio-india-pfvwin-pf~1199826720,interior-designers
Aura Interiors Studio,083191 08885,https://st.hzcdn.com/simgs/940332ef0a62e6ca_0-7784/_.jpg, ,Raipur,Chhattisgarh,492001,IN," , Raipur, Chhattisgarh, 492001",21.2582,81.6294,500009,https://www.facebook.com/vraurainteriors/,,,,https://www.houzz.in/professionals/interior-designers-and-decorators/aura-interiors-studio-pfvwin-pf~1328327224,interior-designers
Plavi Design Studio,097414 91722,https://st.hzcdn.com/simgs/06a3efa30b0411c8_0-5595/_.jpg, ,Bengaluru,Karnataka,560100,IN," , Bengaluru, Karnataka, 560100",12.8442,77.6563,500009,,,,www.plavidesignstudio.com,https://www.houzz.in/hznb/professionals/interior-designers-and-decorators/plavi-design-studio-pfvwus-pf~1921529550,interior-designers
Inspiring Spaces,098454 69700,https://st.hzcdn.com/simgs/1e43a67705489338_0-6308/_.jpg, ,Bangalore,,560069,IN," , Bangalore, 560069",12.9189,77.5954,500009,,,,,https://www.houzz.in/hznb/professionals/interior-designers-and-decorators/inspiring-spaces-pfvwus-pf~277877207,interior-designers
Anthis Design,098336 92734,https://st.hzcdn.com/simgs/1c838a2d076441af_0-5103/_.jpg, ,Mumbai,Maharashtra,400076,IN," , Mumbai, Maharashtra, 400076",19.1244,72.9104,500009,https://www.facebook.com/anthisdesign/,,,www.anthisdesign.com/,https://www.houzz.in/hznb/professionals/interior-designers-and-decorators/anthis-design-pfvwus-pf~186563622,interior-designers
Creazione Interior,089617 89510,https://st.hzcdn.com/simgs/e623d3750476e3d9_0-5691/_.jpg,"AC 87/2, Street Number 32 Newtown Action Area 1",Kolkata,West Bengal,700012,IN,"AC 87/2, Street Number 32 Newtown Action Area 1, Kolkata, West Bengal, 700012",22.5683,88.3612,500009,www.facebook.com/CreazioneInteriors,www.twitter.com/CreazioneID,,http://creazioneinteriors.houzz.com,https://www.houzz.in/hznb/professionals/interior-designers-and-decorators/creazione-interior-pfvwus-pf~1737542560,interior-designers
webuser_Adapt Design studio,098604 70185,https://st.hzcdn.com/simgs/246333e60170efb1_0-6949/_.jpg,A-34 Gulmohar garden Koregaon park North Main Street,Pune,Maharashtra,411001,IN,"A-34 Gulmohar garden Koregaon park North Main Street, Pune, Maharashtra, 411001",18.5229,73.8853,500009,https://www.facebook.com/designaiid/,,,https://www.instagram.com/adaptdesignstudio/,https://www.houzz.in/professionals/interior-designers-and-decorators/webuser-adapt-design-studio-pfvwin-pf~1421621981,interior-designers
Savv studio,093544 65545,https://st.hzcdn.com/simgs/c573012104af95d9_0-1891/_.jpg,"H-150, gali no 15, Kunwar singh nagar, nilothi mor",Delhi,Delhi,110041,IN,"H-150, gali no 15, Kunwar singh nagar, nilothi mor, Delhi, Delhi, 110041",,,500009,,,,savvstudio.com,https://www.houzz.in/professionals/interior-designers-and-decorators/savv-studio-pfvwin-pf~818448043,interior-designers
Simply Interiors,093410 74074,https://st.hzcdn.com/simgs/71f3195a0b5c5677_0-8103/_.jpg, ,Bangalore Urban,Karnataka,560102,IN," , Bangalore Urban, Karnataka, 560102",12.9114,77.6443,500009,,,,,https://www.houzz.in/professionals/interior-designers-and-decorators/simply-interiors-pfvwin-pf~313574086,interior-designers
Sonali shah,098203 33059,https://st.hzcdn.com/simgs/7fc304db0d62c838_0-3317/_.jpg, ,Mumbai,,,IN," , Mumbai",19.0728,72.8826,500009,www.facebook.com/mblmumbai,,,,https://www.houzz.in/professionals/interior-designers-and-decorators/sonali-shah-pfvwin-pf~1040276400,interior-designers
Shreya Bhimani Designs,098203 63235,https://st.hzcdn.com/simgs/0f13b06d0830998c_0-4498/_.jpg, ,Mumbai,Maharashtra,400025,IN," , Mumbai, Maharashtra, 400025",19.0136,72.828,500009,https://www.facebook.com/shreyabhimanidesigns/,,https://www.linkedin.com/in/shreya-bhimani-5037a466/,https://www.shreyabhimanidesigns.com/home,https://www.houzz.in/hznb/professionals/interior-designers-and-decorators/shreya-bhimani-designs-pfvwus-pf~218484081,interior-designers
GORAKHPUR Interior,094548 69668,https://st.hzcdn.com/simgs/9c63939806c9f126_0-5048/_.jpg,"Basharatpur, gorakhpur ",GORAKHPUR,Uttar Pradesh,273004,IN,"Basharatpur, gorakhpur , GORAKHPUR, Uttar Pradesh, 273004",26.795,83.3699,500009,https://www.facebook.com/gorakhpurinterior/,,,www.gorakhpurinterior.com,https://www.houzz.in/hznb/professionals/interior-designers-and-decorators/gorakhpur-interior-pfvwus-pf~1352409175,interior-designers
The White Lotus Interiors,098401 36660,https://st.hzcdn.com/simgs/ce4383630d1dca3f_0-3407/_.jpg, ,Chennai,Tamil Nadu,600028,IN," , Chennai, Tamil Nadu, 600028",,,500009,,,,https://www.instagram.com/thewhitelotusinteriors/,https://www.houzz.in/professionals/interior-designers-and-decorators/the-white-lotus-interiors-pfvwin-pf~28505403,interior-designers
Aakaarmiti Interior Designs,093724 18381,https://st.hzcdn.com/simgs/ff93b4d40e66649a_0-8229/_.jpg,"D 4 ,Plot No. 150 Saikurpa chs , Gorai 2 ,Borivali west",mumbai,Maharashtra,400091,IN,"D 4 ,Plot No. 150 Saikurpa chs , Gorai 2 ,Borivali west, mumbai, Maharashtra, 400091",,,500009,https://www.facebook.com/www.aakaarmiti.co.in/,,,www.aakaarmiti.com,https://www.houzz.in/professionals/interior-designers-and-decorators/aakaarmiti-interior-designs-pfvwin-pf~1010355965,interior-designers
tektton designs,094935 07944,https://st.hzcdn.com/simgs/b3934946020b55b1_0-4546/_.jpg,"c/o manju traders, opposite axis bank atm, seetarampuram, eluru road ",vijayawada,,520002,IN,"c/o manju traders, opposite axis bank atm, seetarampuram, eluru road , vijayawada, 520002",16.5153,80.6437,500009,,,,,https://www.houzz.in/professionals/interior-designers-and-decorators/tektton-designs-pfvwin-pf~1828894169,interior-designers
Spacerz,086181 07967,https://st.hzcdn.com/simgs/8df38cbd074c5750_0-6337/_.jpg, ,,,,IN, ,,,500009,,,,,https://www.houzz.in/hznb/professionals/interior-designers-and-decorators/spacerz-pfvwin-pf~1423141309,interior-designers
Glamwood Interiors,090367 09253,https://st.hzcdn.com/simgs/d8f39692035e23c7_0-2066/_.jpg,"1st floor, Anand arcade, Kalamandir, Service Rd R.J.Gardens, Anand Nagar, Aswath Nagar, Marathahalli",Bengaluru,Karnataka,560037,IN,"1st floor, Anand arcade, Kalamandir, Service Rd R.J.Gardens, Anand Nagar, Aswath Nagar, Marathahalli, Bengaluru, Karnataka, 560037",12.9642,77.7022,500009,https://www.facebook.com/glamwoodinteriorsofficial/,https://twitter.com/GlamwoodInterio,https://in.linkedin.com/company/glamwood-interior,http://glamwoodinteriors.com/,https://www.houzz.in/professionals/interior-designers-and-decorators/glamwood-interiors-pfvwin-pf~918948228,interior-designers
Ambiance,094828 40704,https://st.hzcdn.com/simgs/3243e90b0db064bd_0-7214/_.jpg,Rajarajeshwari Nagar ,Bangalore,,560098,IN,"Rajarajeshwari Nagar , Bangalore, 560098",12.9149,77.5162,500009,https://www.facebook.com/pages/Ambiance/196272690503384,,http://www.linkedin.com/profile/view?id=25352743&trk=nav_responsive_tab_profile,,https://www.houzz.in/professionals/interior-designers-and-decorators/ambiance-pfvwin-pf~1887521155,interior-designers
Duende Designs Pvt. Ltd.,079721 56985,https://st.hzcdn.com/simgs/8ab335e8009f8004_0-7415/_.jpg,"Flat no 2, Ground Floor, Viman Paradise, Symbiosis College Road, Near ccd, Viman Nagar,",Pune,Maharashtra,411015,IN,"Flat no 2, Ground Floor, Viman Paradise, Symbiosis College Road, Near ccd, Viman Nagar,, Pune, Maharashtra, 411015",,,500009,https://www.facebook.com/DuendeDesignsIndia/,,https://www.linkedin.com/company/duendedesignsindia/,www.duendedesigns.com,https://www.houzz.in/professionals/interior-designers-and-decorators/duende-designs-pvt-ltd-pfvwin-pf~1673556814,interior-designers
Designaddict Interiors,099704 20073,https://st.hzcdn.com/simgs/b473381f0541f877_0-6811/_.jpg,"S. No 134/4A ,baner link road, Pashan ",PUNE,Maharashtra,411021,IN,"S. No 134/4A ,baner link road, Pashan , PUNE, Maharashtra, 411021",18.5273,73.7699,500009,,,,,https://www.houzz.in/professionals/interior-designers-and-decorators/designaddict-interiors-pfvwin-pf~1955280961,interior-designers
Rae By Esha Marwaha,098116 73440,https://st.hzcdn.com/simgs/c993ec3900323e03_0-6061/_.jpg,B 37 Lajpat Nagar II ,New Delhi,Delhi,110024,IN,"B 37 Lajpat Nagar II , New Delhi, Delhi, 110024",,,500009,,,,,https://www.houzz.in/professionals/interior-designers-and-decorators/rae-by-esha-marwaha-pfvwin-pf~381598792,interior-designers
Space Creater,099390 81333,https://st.hzcdn.com/simgs/ad4382a20379d9d8_0-7306/_.jpg,"103, Laxmi Complex Beside Central Bank of India Boring Road",Patna,Bihar,800001,IN,"103, Laxmi Complex Beside Central Bank of India Boring Road, Patna, Bihar, 800001",25.6058,85.1285,500009,https://www.facebook.com/spacecreaterindia,https://twitter.com/creater_space,https://www.linkedin.com/company/space-creater-patna/,https://www.spacecreater.com/,https://www.houzz.in/hznb/professionals/interior-designers-and-decorators/space-creater-pfvwus-pf~189186290,interior-designers
Aum Architects,022 4976 1288,https://st.hzcdn.com/simgs/7f83165e01230b44_0-7570/_.jpg,"203204, Sai Commercial Complex, BKS Doshi Marg, Govandi East ",Mumbai,Maharashtra,400088,IN,"203204, Sai Commercial Complex, BKS Doshi Marg, Govandi East , Mumbai, Maharashtra, 400088",19.0415,72.9359,500009,https://www.facebook.com/aumarchitectindia,https://twitter.com/aumarchitects,https://www.linkedin.com/in/manish-dikshit-9719648,www.aumarch.com,https://www.houzz.in/professionals/interior-designers-and-decorators/aum-architects-pfvwin-pf~847521678,interior-designers
stambha design house,087507 30120,https://st.hzcdn.com/simgs/7ed375480cdb8f71_0-7218/_.jpg,"E-1308, ACE Platinum, GH-12/1, Sector-Zeta I ",Greater Noida,Uttar Pradesh,201308,IN,"E-1308, ACE Platinum, GH-12/1, Sector-Zeta I , Greater Noida, Uttar Pradesh, 201308",28.4646,77.5404,500009,https://www.facebook.com/stambhadesign/,,,,https://www.houzz.in/professionals/interior-designers-and-decorators/stambha-design-house-pfvwin-pf~1577561240,interior-designers
Design Your Space,096737 07882,https://st.hzcdn.com/simgs/cca352570c7e5148_0-6089/_.jpg, ,Pune,Maharashtra,411028,IN," , Pune, Maharashtra, 411028",18.4931,73.9339,500009,,,,,https://www.houzz.in/professionals/interior-designers-and-decorators/design-your-space-pfvwin-pf~1295377565,interior-designers
Concepto Studio,088616 36827,https://st.hzcdn.com/simgs/2493bbf20a3225a6_0-3266/_.jpg,"G1, Barira Manor C K Gardens, Thomas Town, Cooke Town, Bengaluru, Karnataka 560084",Bangalore,Karnataka,560084,IN,"G1, Barira Manor C K Gardens, Thomas Town, Cooke Town, Bengaluru, Karnataka 560084, Bangalore, Karnataka, 560084",,,500009,https://www.facebook.com/conceptostudio.in/,,,http://conceptostudio.net/,https://www.houzz.in/hznb/professionals/interior-designers-and-decorators/concepto-studio-pfvwus-pf~722606626,interior-designers
Adi Interiors,088988 28282,https://st.hzcdn.com/simgs/4483e110001258af_0-1022/_.jpg,"A-1, Prem Nagar, Building No.7, Near Prem Nagar Garden, Off. S.V.Road, Borivali (w). ",Mumbai,,400 092,IN,"A-1, Prem Nagar, Building No.7, Near Prem Nagar Garden, Off. S.V.Road, Borivali (w). , Mumbai, 400 092",19.2248,72.8458,500009,https://www.facebook.com/Adiinteriors-1049038248448175/?ref=bookmarks,,,,https://www.houzz.in/professionals/interior-designers-and-decorators/adi-interiors-pfvwin-pf~377691504,interior-designers
D'decos Interiors Philosophy,097977 70999,https://st.hzcdn.com/simgs/9dc30a12045d3560_0-0118/_.jpg,Rambagh Extension ,Adjecent post office.,Jammu And Kashmir,190009,IN,"Rambagh Extension , Adjecent post office., Jammu And Kashmir, 190009",34.0564,74.7879,500009,,,,,https://www.houzz.in/professionals/interior-designers-and-decorators/d-decos-interiors-philosophy-pfvwin-pf~667427848,interior-designers
Hyphen Designs,098868 31618,https://st.hzcdn.com/simgs/f1634fbb091eaf31_0-6093/_.jpg,JAYANAGAR ,Bangalore,Karnataka,560078,IN,"JAYANAGAR , Bangalore, Karnataka, 560078",12.8953,77.5761,500009,https://www.facebook.com/touchhyphen/,,,https://www.instagram.com/touchhyphen,https://www.houzz.in/professionals/interior-designers-and-decorators/hyphen-designs-pfvwin-pf~1705496209,interior-designers
Perfect Spaces,098332 06099,https://st.hzcdn.com/simgs/69d316df023f46ff_0-2729/_.jpg,"101, 1st Floor, Shree Niketan Building, Dr. Kashibai Navrange Marg, New Gamdevi",Mumbai,Maharashtra,400007,IN,"101, 1st Floor, Shree Niketan Building, Dr. Kashibai Navrange Marg, New Gamdevi, Mumbai, Maharashtra, 400007",,,500009,https://www.facebook.com/Perfectspaces3/photos/?ref=page_internal,,,,https://www.houzz.in/professionals/interior-designers-and-decorators/perfect-spaces-pfvwin-pf~725896226,interior-designers
INTERIORA LLP,098671 47806,https://st.hzcdn.com/simgs/0ce35d85019e5195_0-6076/_.jpg,"312, B2B Agarwal business centre, D'monte lane, kanchpada, Malad west ",Mumbai,Maharashtra,400064,IN,"312, B2B Agarwal business centre, D'monte lane, kanchpada, Malad west , Mumbai, Maharashtra, 400064",19.1857,72.8392,500009,,,,,https://www.houzz.in/professionals/interior-designers-and-decorators/interiora-llp-pfvwin-pf~1673132790,interior-designers
The Little Design Story,093722 93852,https://st.hzcdn.com/simgs/31e31a9e0c666c67_0-8660/_.jpg,"Off New Link Road, Andheri West ",Mumbai,Maharashtra,400053,IN,"Off New Link Road, Andheri West , Mumbai, Maharashtra, 400053",19.1334,72.8319,500009,,,,,https://www.houzz.in/professionals/interior-designers-and-decorators/the-little-design-story-pfvwin-pf~1672817530,interior-designers
Bela decore,070005 84106,https://st.hzcdn.com/simgs/cde35e6601196569_0-4313/_.jpg,SCHEME NO.71 Gumasta Nagar,Indore,Madhya Pradesh,452001,IN,"SCHEME NO.71 Gumasta Nagar, Indore, Madhya Pradesh, 452001",22.7049,75.8871,500009,,,,,https://www.houzz.in/professionals/interior-designers-and-decorators/bela-decore-pfvwin-pf~1866670508,interior-designers
BRDESIGNS,082788 13663,https://st.hzcdn.com/simgs/e7439c920203e014_0-2557/_.jpg,"Chandigarh Mohali, Phase 2",Chandigarh,Chandigarh,160055,IN,"Chandigarh Mohali, Phase 2, Chandigarh, Chandigarh, 160055",,,500009,,,https://www.linkedin.com/in/bhawana-rana-964160284/,https://instagram.com/br_design2021?igshid=OGQ5ZDc2ODk2ZA==,https://www.houzz.in/professionals/interior-designers-and-decorators/brdesigns-pfvwin-pf~944095347,interior-designers
Entracte,098441 18850,https://st.hzcdn.com/simgs/657312490c23436a_0-4895/_.jpg, ,Bangalore Urban,Kerala,560066,IN," , Bangalore Urban, Kerala, 560066",,,500009,https://www.facebook.com/Entracte.Design/,,,www.entracte.in,https://www.houzz.in/hznb/professionals/interior-designers-and-decorators/entracte-pfvwus-pf~126171652,interior-designers
Aditi Lawate Design,086988 75075,https://st.hzcdn.com/simgs/c6a3e88b0c95e197_0-7172/_.jpg,Koregaon Park ,Pune,,411001,IN,"Koregaon Park , Pune, 411001",18.5229,73.8853,500009,,,,,https://www.houzz.in/professionals/interior-designers-and-decorators/aditi-lawate-design-pfvwin-pf~788961108,interior-designers
Limited Edition Design Studio,089760 09735,https://st.hzcdn.com/simgs/7ef309bb0981d432_0-8106/_.jpg, ,Mumbai,Maharashtra,400056,IN," , Mumbai, Maharashtra, 400056",19.1032,72.8361,500009,https://www.facebook.com/Limitededitiondesignstudio/,,,,https://www.houzz.in/professionals/interior-designers-and-decorators/limited-edition-design-studio-pfvwin-pf~187276510,interior-designers
Kreon Projects,086898 58280,https://st.hzcdn.com/simgs/c0432c7b08fe0160_0-3786/_.jpg, ,Kalyan,Maharashtra,421306,IN," , Kalyan, Maharashtra, 421306",,,500009,https://www.facebook.com/kreonprojects/,,,https://www.kreonprojects.com/,https://www.houzz.in/hznb/professionals/interior-designers-and-decorators/kreon-projects-pfvwus-pf~755712825,interior-designers
Inscape Designers,098194 30457,https://st.hzcdn.com/simgs/4143004d0c57f90f_0-3752/_.jpg,"Shiv Sagar Estate, D Block, 3rd Floor, Above Jeep showroom, Opp. Atria Mall, Dr. Annie Besant Road, Worli 400030 Mumbai, Maharashtra ",Mumbai,Maharashtra,400030,IN,"Shiv Sagar Estate, D Block, 3rd Floor, Above Jeep showroom, Opp. Atria Mall, Dr. Annie Besant Road, Worli 400030 Mumbai, Maharashtra , Mumbai, Maharashtra, 400030",,,500009,www.facebook.com/www.inscapedesigners.in,,https://www.linkedin.com/in/chaitaliparikh/,,https://www.houzz.in/hznb/professionals/interior-designers-and-decorators/inscape-designers-pfvwus-pf~185071906,interior-designers
Wonder Living,093725 38056,https://st.hzcdn.com/simgs/1ea3990a00b0909d_0-1064/_.jpg,"Shop no. 12, Indira market, d.k.sandu marg, chembur east. ",Mumbai,Maharashtra,400050,IN,"Shop no. 12, Indira market, d.k.sandu marg, chembur east. , Mumbai, Maharashtra, 400050",,,500009,,,https://www.linkedin.com/in/wasif-ansari-b61aa7238/,www.wonderliving.co.in,https://www.houzz.in/professionals/interior-designers-and-decorators/wonder-living-pfvwin-pf~599798898,interior-designers
Madhyan Creative Spaces,091827 47624,https://st.hzcdn.com/simgs/c863162a00ab93bd_0-2469/_.jpg,Nanakramguda circle Serilingampally,Hyderabad,Telangana,500032,IN,"Nanakramguda circle Serilingampally, Hyderabad, Telangana, 500032",17.433,78.3503,500009,,,,Www.madhurshriyan.com,https://www.houzz.in/professionals/interior-designers-and-decorators/madhyan-creative-spaces-pfvwin-pf~1579522664,interior-designers
The Red Canvas Interiors,075666 17921,https://st.hzcdn.com/simgs/e0e34ce30a72b363_0-0290/_.jpg,S-63 New Kushal nagar near Hanuman Mandir Gandhi ,Gwalior,Madhya Pradesh,474002,IN,"S-63 New Kushal nagar near Hanuman Mandir Gandhi , Gwalior, Madhya Pradesh, 474002",26.2244,78.1889,500009,,,,,https://www.houzz.in/professionals/interior-designers-and-decorators/the-red-canvas-interiors-pfvwin-pf~2083471857,interior-designers
Home Center Interiors - Interior designers,094955 43200,https://st.hzcdn.com/simgs/c63385b10c176b34_0-8645/_.jpg,"Homecenter, Near Traffic Signal, Kanjikuzhy Kottayam, Kerala MC Road, Kumaranalloor Kottayam, Kerala",Kottayam,Kerala,688539,IN,"Homecenter, Near Traffic Signal, Kanjikuzhy Kottayam, Kerala MC Road, Kumaranalloor Kottayam, Kerala, Kottayam, Kerala, 688539",9.6682,76.3284,500009,https://www.facebook.com/thehomecenterinteriors,https://twitter.com/aidahomecenter,https://www.linkedin.com/company/35464589/admin/,http://www.aidahomecenter.com,https://www.houzz.in/professionals/interior-designers-and-decorators/home-center-interiors-interior-designers-pfvwin-pf~1353843987,interior-designers
The Designer Dome,099776 85858,https://st.hzcdn.com/simgs/37633389047f8b8f_0-0463/_.jpg,"10A sheetal nagar, above JMC blue hotel near radisson hotel",indore,Madhya Pradesh,452010,IN,"10A sheetal nagar, above JMC blue hotel near radisson hotel, indore, Madhya Pradesh, 452010",22.7796,75.8924,500009,,,,,https://www.houzz.in/professionals/interior-designers-and-decorators/the-designer-dome-pfvwin-pf~474540061,interior-designers
Tapur Chatterji - Design & Decor,098200 73547,https://st.hzcdn.com/simgs/236363350b339ea9_0-1854/_.jpg, ,Mumbai,Maharashtra,400050,IN," , Mumbai, Maharashtra, 400050",19.0555,72.8295,500009,,,,,https://www.houzz.in/professionals/interior-designers-and-decorators/tapur-chatterji-design-and-decor-pfvwin-pf~221266057,interior-designers
bear spaces & co,36242657,https://st.hzcdn.com/simgs/092331250225e7e7_0-4660/_.jpg,"Juhu, gulmohar road no.5, vile parle (w) ",Mumbai,Maharashtra,400049,IN,"Juhu, gulmohar road no.5, vile parle (w) , Mumbai, Maharashtra, 400049",19.1008,72.8294,500009,,,,,https://www.houzz.in/professionals/interior-designers-and-decorators/bear-spaces-and-co-pfvwin-pf~1514435750,interior-designers
PopCouch Interiors,081848 72200,https://st.hzcdn.com/simgs/82c3ab6501b88f35_0-5249/_.jpg,"H1212, Rainbow Vistas Rock Garden, IDL Access Road, Moosapet",Hyderabad,Telangana,500018,IN,"H1212, Rainbow Vistas Rock Garden, IDL Access Road, Moosapet, Hyderabad, Telangana, 500018",17.4603,78.4261,500009,,,https://in.linkedin.com/company/pop-couch,https://www.instagram.com/popcouch_interior/,https://www.houzz.in/professionals/interior-designers-and-decorators/popcouch-interiors-pfvwin-pf~1958914321,interior-designers
NICARA,091007 44373,https://st.hzcdn.com/simgs/6a13ba7106b74629_0-7158/_.jpg,"1st floor, Mahaveer radiance, metro pillar-1708,madhapur ",hyderabad,Telangana,500033,IN,"1st floor, Mahaveer radiance, metro pillar-1708,madhapur , hyderabad, Telangana, 500033",17.4303,78.4102,500009,,,,,https://www.houzz.in/hznb/professionals/interior-designers-and-decorators/nicara-pfvwin-pf~1330663600,interior-designers
Shipra Jain Homes,095604 61188,https://st.hzcdn.com/simgs/ac13fcf301c2d69b_0-8400/_.jpg,Sector 71 ,Noida,Uttar Pradesh,201301,IN,"Sector 71 , Noida, Uttar Pradesh, 201301",28.5823,77.3223,500009,https://www.facebook.com/share/954yZu4KQsXSUVdb/?mibextid=LQQJ4d,,https://www.linkedin.com/company/shipra-jain-homes,https://www.instagram.com/shipra.jain.homes/profilecard/?igsh=a20wZ2x6MjNzM3o1,https://www.houzz.in/hznb/professionals/interior-designers-and-decorators/shipra-jain-homes-pfvwus-pf~2080779221,interior-designers
ZERO9,096196 56709,https://st.hzcdn.com/simgs/b4a35b1f038b6794_0-0434/_.jpg,"1/65, Om Heera Panna Mall, New Link Road, Oshiwara. Andheri W ",Mumbai,Maharashtra,400053,IN,"1/65, Om Heera Panna Mall, New Link Road, Oshiwara. Andheri W , Mumbai, Maharashtra, 400053",19.1334,72.8319,500009,www.facebook.com/zero9.in,,,www.zero9.in,https://www.houzz.in/hznb/professionals/interior-designers-and-decorators/zero9-pfvwus-pf~1670335830,interior-designers
Reema Pathak,,https://st.hzcdn.com/simgs/64f3ab0b0768fd73_0-9829/_.jpg, ,,,,IN, ,,,500009,,,,,https://www.houzz.in/hznb/professionals/interior-designers-and-decorators/reema-pathak-pfvwin-pf~629167949,interior-designers
Homes Under Budget - HUB,088988 91117,https://st.hzcdn.com/simgs/fa438d890cf8fb8a_0-8469/_.jpg,"Brightside Innotech LLP, #153, 1st Main, 2nd Cross, Unity Enclave, Geddalahalli, Bangalore - 560077",Bangalore,Karnataka,560077,IN,"Brightside Innotech LLP, #153, 1st Main, 2nd Cross, Unity Enclave, Geddalahalli, Bangalore - 560077, Bangalore, Karnataka, 560077",13.0702,77.6575,500009,https://www.facebook.com/HomesUnderBudget/,https://twitter.com/Homeunderbudget,https://www.linkedin.com/company/hubinterior/,https://hubinterior.com/,https://www.houzz.in/professionals/interior-designers-and-decorators/homes-under-budget-hub-pfvwin-pf~976538318,interior-designers
Atish Lahoti,099601 71001,https://st.hzcdn.com/simgs/c5d3fd9e0e57a5ed_0-2535/_.jpg,"Ground Floor, Sukhrup Bungalow, Mukundnagar, Swargate ",Pune,Maharashtra,411037,IN,"Ground Floor, Sukhrup Bungalow, Mukundnagar, Swargate , Pune, Maharashtra, 411037",18.4806,73.8707,500009,,,,,https://www.houzz.in/hznb/professionals/interior-designers-and-decorators/atish-lahoti-pfvwus-pf~976807602,interior-designers
Ekta Khanna Design Studio,098119 91129,https://st.hzcdn.com/simgs/31f3b5940e11ca95_0-4277/_.jpg,"23, 2nd Floor, Basant Lok Market Vasant Vihar",New Delhi,Delhi,110057,IN,"23, 2nd Floor, Basant Lok Market Vasant Vihar, New Delhi, Delhi, 110057",28.5612,77.1596,500009,,,,,https://www.houzz.in/hznb/professionals/interior-designers-and-decorators/ekta-khanna-design-studio-pfvwus-pf~377962448,interior-designers
SNSofDESIGN,099954 12611,https://st.hzcdn.com/simgs/f243336602e7162b_0-0479/_.jpg, ,KOCHI,Kerala,682020,IN," , KOCHI, Kerala, 682020",9.9769,76.3048,500009,www.facebook.com/snsofdesign,,www.linkedin.com/snsofdesign,www.snsofdesign.com,https://www.houzz.in/hznb/professionals/interior-designers-and-decorators/snsofdesign-pfvwus-pf~915066616,interior-designers
Rebel Designs,091376 56067,https://st.hzcdn.com/simgs/d75352e40ceb6ebb_0-7428/_.jpg,"Godrej & Boyce, Gate No 2, Plant No. 6, LBS Marg,, Opposite Vikhroli Bus Depot, Vikhroli West, Mumbai, Maharashtra 400079 ",Mumbai,Maharashtra,400079,IN,"Godrej & Boyce, Gate No 2, Plant No. 6, LBS Marg,, Opposite Vikhroli Bus Depot, Vikhroli West, Mumbai, Maharashtra 400079 , Mumbai, Maharashtra, 400079",19.1003,72.92,500009,https://www.facebook.com/rebeldesigns1,,,www.rebeldesigns.in,https://www.houzz.in/professionals/interior-designers-and-decorators/rebel-designs-pfvwin-pf~506789820,interior-designers
RonDesigns,098219 18030,https://st.hzcdn.com/simgs/d033240c0415806e_0-0734/_.jpg,Pandurang Budhkar Marg Lower Parel,Mumbai,Maharashtra,400018,IN,"Pandurang Budhkar Marg Lower Parel, Mumbai, Maharashtra, 400018",,,500009,,,,,https://www.houzz.in/professionals/interior-designers-and-decorators/rondesigns-pfvwin-pf~1456059616,interior-designers
Dream Home Interiors,081686 72138,https://st.hzcdn.com/simgs/ac9334e400acd321_0-8645/_.jpg,Shop No. 3 -SS Plaza Camp chowk Hisar ,Hisar,,125001,IN,"Shop No. 3 -SS Plaza Camp chowk Hisar , Hisar, 125001",29.1588,75.7236,500009,,,,,https://www.houzz.in/professionals/interior-designers-and-decorators/dream-home-interiors-pfvwin-pf~436385418,interior-designers
Aakruti Design,022 2892 5301,https://st.hzcdn.com/simgs/b0c3e20d08398b56_0-6232/_.jpg,Borivali West ,Mumbai,Maharashtra,400092,IN,"Borivali West , Mumbai, Maharashtra, 400092",,,500009,,,,,https://www.houzz.in/hznb/professionals/interior-designers-and-decorators/aakruti-design-pfvwus-pf~2049058698,interior-designers
Studio Ibis,072258 77632,https://st.hzcdn.com/simgs/c823dc8f00cf4e87_0-9431/_.jpg,208 Manekbagh ,Ahmedabad,Gujarat,380007,IN,"208 Manekbagh , Ahmedabad, Gujarat, 380007",,,500009,,,,,https://www.houzz.in/professionals/interior-designers-and-decorators/studio-ibis-pfvwin-pf~61179162,interior-designers
Tanvi Gupta designs,097110 72186,https://st.hzcdn.com/simgs/df63c70b0e172b64_0-1581/_.jpg,"House no 13, Road no 48, West punjabi bagh ",New Delhi,Delhi,110026,IN,"House no 13, Road no 48, West punjabi bagh , New Delhi, Delhi, 110026",28.6688,77.1386,500009,,,,,https://www.houzz.in/hznb/professionals/interior-designers-and-decorators/tanvi-gupta-designs-pfvwus-pf~1740221692,interior-designers
Papersky Studio,098206 18248,https://st.hzcdn.com/simgs/dc53fbba08cf6ff3_0-5365/_.jpg,Juhu ,Mumbai,Maharashtra,400049,IN,"Juhu , Mumbai, Maharashtra, 400049",19.1008,72.8294,500009,,,,,https://www.houzz.in/hznb/professionals/interior-designers-and-decorators/papersky-studio-pfvwus-pf~2114182300,interior-designers
NIMIT ARORA,078408 77652,https://st.hzcdn.com/simgs/a1d3277d06154d1b_0-6922/_.jpg,"Arya nagar haridwar , Uttrakhand ",Haridwar,Uttarakhand,249407,IN,"Arya nagar haridwar , Uttrakhand , Haridwar, Uttarakhand, 249407",29.9212,78.0957,500009,,,,,https://www.houzz.in/professionals/interior-designers-and-decorators/nimit-arora-pfvwin-pf~1864095656,interior-designers
Maha-Putra Planners,090004 47342,https://st.hzcdn.com/simgs/1213466f0c53ead4_0-0949/_.jpg,SheelaNagar Near Ayyappaswami temple,Visakhapatnam,Andhra Pradesh,530016,IN,"SheelaNagar Near Ayyappaswami temple, Visakhapatnam, Andhra Pradesh, 530016",17.7326,83.3054,500009,,,,,https://www.houzz.in/professionals/interior-designers-and-decorators/maha-putra-planners-pfvwin-pf~1890934687,interior-designers
Dee & Co Interior Design Studio,088827 52574,https://st.hzcdn.com/simgs/4c53f4190e8d6c81_0-2335/_.jpg,"Ashirwad Enclave, Ballupur ",Dehradun,Uttarakhand,248001,IN,"Ashirwad Enclave, Ballupur , Dehradun, Uttarakhand, 248001",30.3243,78.0492,500009,,,,www.deeandco.org,https://www.houzz.in/hznb/professionals/interior-designers-and-decorators/dee-and-co-interior-design-studio-pfvwgb-pf~666569988,interior-designers
Oak Interiors & Architects,097460 25710,https://st.hzcdn.com/simgs/93f3623d00e6b23c_0-1344/_.jpg,Near Mall Aslam Mannarkkad Road Perinthalmanna ,Perinthalmanna,Kerala,679322,IN,"Near Mall Aslam Mannarkkad Road Perinthalmanna , Perinthalmanna, Kerala, 679322",,,500009,https://www.facebook.com/oakinterior/,,https://in.linkedin.com/company/oak-interiors-architects,https://www.oakarchitects.in/,https://www.houzz.in/professionals/interior-designers-and-decorators/oak-interiors-and-architects-pfvwin-pf~155239903,interior-designers
Indesignbynatasha,098458 59922,https://st.hzcdn.com/simgs/0d63d516050d7d0e_0-2840/_.jpg,"Oscar Orchard, Near Canra Bank.Sahakaranagar ",Bengaluru,Karnataka,560092,IN,"Oscar Orchard, Near Canra Bank.Sahakaranagar , Bengaluru, Karnataka, 560092",13.0625,77.593,500009,,,,,https://www.houzz.in/hznb/professionals/interior-designers-and-decorators/indesignbynatasha-pfvwus-pf~885772433,interior-designers
SQFT DECOR,070433 13322,https://st.hzcdn.com/simgs/0a83e7ba0dbffab1_0-2409/_.jpg,"T-412, F-BLOCK, SOBO CENTRE ,GALA GYMKHANA ROAD SOUTH BOPAL",AHMEDABAD,Gujarat,380058,IN,"T-412, F-BLOCK, SOBO CENTRE ,GALA GYMKHANA ROAD SOUTH BOPAL, AHMEDABAD, Gujarat, 380058",23.0242,72.4618,500009,https://www.facebook.com/Ids007/,,,,https://www.houzz.in/professionals/interior-designers-and-decorators/sqft-decor-pfvwin-pf~347504893,interior-designers
Olive Roof,084509 59722,https://st.hzcdn.com/simgs/fb238b9d00091b0a_0-8359/_.jpg,"WeWork 5th Floor, B wing Spectrum Tower Mindspace, Malad West",MUMBAI,Maharashtra,400064,IN,"WeWork 5th Floor, B wing Spectrum Tower Mindspace, Malad West, MUMBAI, Maharashtra, 400064",19.1857,72.8392,500009,,,,https://shraddhashah.squarespace.com/,https://www.houzz.in/professionals/interior-designers-and-decorators/olive-roof-pfvwin-pf~792606096,interior-designers
L'atelier design,099945 87512,https://st.hzcdn.com/simgs/ea731f410f4d0456_0-6458/_.jpg,"No 17/A, Tippu Sahib Street, Puducherry ",Puducherry,Tamil Nadu,605001,IN,"No 17/A, Tippu Sahib Street, Puducherry , Puducherry, Tamil Nadu, 605001",11.9331,79.8243,500009,,,https://www.linkedin.com/company/latelierdesign,https://www.instagram.com/latelier_design_/,https://www.houzz.in/professionals/interior-designers-and-decorators/l-atelier-design-pfvwin-pf~849834014,interior-designers
The Dream Studio,070224 26340,https://st.hzcdn.com/simgs/c1c3b3480032a655_0-5930/_.jpg,BTM Layout 2nd Stage ,Bangalore,Karnataka,560076,IN,"BTM Layout 2nd Stage , Bangalore, Karnataka, 560076",12.8856,77.598,500009,https://facebook.com/106922537943278,https://twitter.com/TheDreamStudio3,,www.thedreamstudio.in,https://www.houzz.in/professionals/interior-designers-and-decorators/the-dream-studio-pfvwin-pf~188661278,interior-designers
Interior Sapphires,085778 45555,https://st.hzcdn.com/simgs/8e83939101ae0b0f_0-6052/_.jpg,"D 163 a Vidya Complex Buddha Vihar Commercial Taramandal Rd, Buddh Vihar Part A, Indira Nagar Gorakhpur ",Gorakhpur,Uttar Pradesh,273016,IN,"D 163 a Vidya Complex Buddha Vihar Commercial Taramandal Rd, Buddh Vihar Part A, Indira Nagar Gorakhpur , Gorakhpur, Uttar Pradesh, 273016",26.7262,83.3389,500009,,,,,https://www.houzz.in/professionals/interior-designers-and-decorators/interior-sapphires-pfvwin-pf~918736560,interior-designers
The Lofte Designs,094978 22444,https://st.hzcdn.com/simgs/f22310440783dcd1_0-5088/_.jpg, ,Bangalore,Karnataka,,IN," , Bangalore, Karnataka",12.9719,77.5937,500009,www.facebook.com/theloftedesigns.com,,,www.instagram.com/theloftedesigns,https://www.houzz.in/hznb/professionals/interior-designers-and-decorators/the-lofte-designs-pfvwus-pf~1830894097,interior-designers
Hannah Interior Concepts,090077 99709,https://st.hzcdn.com/simgs/18333d0d07c5d3bb_0-7026/_.jpg, ,Kolkata,West Bengal,,IN," , Kolkata, West Bengal",22.5626,88.363,500009,,,,,https://www.houzz.in/hznb/professionals/interior-designers-and-decorators/hannah-interior-concepts-pfvwus-pf~975181734,interior-designers
The UDH,082911 86749,https://st.hzcdn.com/simgs/4263b9ef004cdea3_0-1859/_.jpg,BANGALORE ,BANGALORE,Karnataka,560004,IN,"BANGALORE , BANGALORE, Karnataka, 560004",,,500009,,,,https://www.theudh.com/,https://www.houzz.in/professionals/interior-designers-and-decorators/the-udh-pfvwin-pf~2118210276,interior-designers
New Leaf Designs,918806464748,https://st.hzcdn.com/simgs/4d83c7ef08cc27f4_0-3144/_.jpg,Koregaon Park ,Pune,Maharashtra,411001,IN,"Koregaon Park , Pune, Maharashtra, 411001",18.5229,73.8853,500009,,,,https://instagram.com/newleafdesigns.ig,https://www.houzz.in/professionals/interior-designers-and-decorators/new-leaf-designs-pfvwin-pf~1134866182,interior-designers
The Clean Lines,072889 52705,https://st.hzcdn.com/simgs/a573161c00bddaa8_0-0753/_.jpg,"159, brindavan colony, saroornagar ",Hyderabad,Telangana,500035,IN,"159, brindavan colony, saroornagar , Hyderabad, Telangana, 500035",,,500009,,,,,https://www.houzz.in/professionals/interior-designers-and-decorators/the-clean-lines-pfvwin-pf~1798450858,interior-designers
Decor Dreams Pune,088800 84084,https://st.hzcdn.com/simgs/53d3f2940a019996_0-4294/_.jpg, ,Pune,Maharashtra,,IN," , Pune, Maharashtra",18.5196,73.8554,500009,,,,,https://www.houzz.in/professionals/interior-designers-and-decorators/decor-dreams-pune-pfvwin-pf~1135270602,interior-designers
Sj interiors,063030 62887,https://st.hzcdn.com/simgs/06135b860d26c60d_0-1702/_.jpg,ravindra nagar ,Visakhapatnam,Andhra Pradesh,530040,IN,"ravindra nagar , Visakhapatnam, Andhra Pradesh, 530040",,,500009,https://www.facebook.com/sj.interiors.526/,,,www.sjinteriorsdnd.com,https://www.houzz.in/professionals/interior-designers-and-decorators/sj-interiors-pfvwin-pf~792147264,interior-designers
SPMA,099206 53124,https://st.hzcdn.com/simgs/a733a66f0059c7d1_0-9549/_.jpg,Prabhadevi Prabhadevi,mumbai,Maharashtra,400025,IN,"Prabhadevi Prabhadevi, mumbai, Maharashtra, 400025",19.0136,72.828,500009,,,,,https://www.houzz.in/professionals/interior-designers-and-decorators/spma-pfvwin-pf~1103183139,interior-designers
KK interior Decor,094544 44190,//www.houzz.com/res/29230478/pic/user_0.png?v=29230478,Varanasi ,Varanasi,Uttar Pradesh,221007,IN,"Varanasi , Varanasi, Uttar Pradesh, 221007",25.3713,83.0104,500009,,,,,https://www.houzz.in/professionals/interior-designers-and-decorators/kk-interior-decor-pfvwin-pf~1136728322,interior-designers
Alankrit Jindal,090272 22309,https://st.hzcdn.com/simgs/b8432b5a0edfac27_0-7575/_.jpg,Rajpur Road ,Dehradun,Uttarakhand,248001,IN,"Rajpur Road , Dehradun, Uttarakhand, 248001",,,500009,,,,,https://www.houzz.in/hznb/professionals/interior-designers-and-decorators/alankrit-jindal-pfvwus-pf~1765459999,interior-designers
De Shell Design Lab,097916 93980,https://st.hzcdn.com/simgs/56332d83021cfbcb_0-7973/_.jpg,"74, A- Flat, Pearl Palace VGP Jungle Nagar Extn",CHENNAI,Tamil Nadu,600042,IN,"74, A- Flat, Pearl Palace VGP Jungle Nagar Extn, CHENNAI, Tamil Nadu, 600042",12.9823,80.2199,500009,,,,https://www.deshelldesignlab.com/,https://www.houzz.in/professionals/interior-designers-and-decorators/de-shell-design-lab-pfvwin-pf~155557635,interior-designers
WellThenSo | Interior & Furniture Design,098232 91556,https://st.hzcdn.com/simgs/2bc3ad6300406b19_0-6310/_.jpg,"Shop No. 5 , Complex C , Sapana Sagar, Behind Copperleaf Hotel, Chogm Road, Porvorim, Penha de França, North Goa, Goa, India Pincode : 403501",Porvorim,Goa,403501,IN,"Shop No. 5 , Complex C , Sapana Sagar, Behind Copperleaf Hotel, Chogm Road, Porvorim, Penha de França, North Goa, Goa, India Pincode : 403501, Porvorim, Goa, 403501",15.5475,73.8267,500009,,,https://www.linkedin.com/company/wellthenso/,https://www.wellthenso.com,https://www.houzz.in/professionals/interior-designers-and-decorators/wellthenso-interior-and-furniture-design-pfvwin-pf~1295944265,interior-designers
Moody Muse,081974 36391,https://st.hzcdn.com/simgs/2e43ee4d04e3234d_0-0752/_.jpg,"1099 BRR, 22nd main, 8th cross road, 1st Sector HSR Layout, ",Bengaluru,Karnataka,560102,IN,"1099 BRR, 22nd main, 8th cross road, 1st Sector HSR Layout, , Bengaluru, Karnataka, 560102",12.9114,77.6443,500009,,,https://www.linkedin.com/company/moody-muse/,www.moodymuse.in,https://www.houzz.in/professionals/interior-designers-and-decorators/moody-muse-pfvwin-pf~885622233,interior-designers
Khushbu Patel Designs,080085 53675,https://st.hzcdn.com/simgs/d9b3187f04378587_0-0187/_.jpg,Divyasree 77 Town centre ,Bengaluru,Karnataka,560037,IN,"Divyasree 77 Town centre , Bengaluru, Karnataka, 560037",12.9642,77.7022,500009,,,,,https://www.houzz.in/hznb/professionals/interior-designers-and-decorators/khushbu-patel-designs-pfvwus-pf~189298302,interior-designers
AVANI   KARIA   STUDIO,091677 18524,https://st.hzcdn.com/simgs/429395120639dd14_0-8233/_.jpg,Raheja Gardens Thane,Mumbai,Maharashtra,400080,IN,"Raheja Gardens Thane, Mumbai, Maharashtra, 400080",19.172,72.9492,500009,,,https://www.linkedin.com/in/avani-karia-a092a715a/recent-activity/all/,https://www.instagram.com/avani_karia_studio/,https://www.houzz.in/professionals/interior-designers-and-decorators/avani-karia-studio-pfvwin-pf~381407944,interior-designers
Shades By Shweta,081696 55280,https://st.hzcdn.com/simgs/ca53348a0831ce02_0-4120/_.jpg,western & southern suburbs ,Mumbai,Maharashtra,,IN,"western & southern suburbs , Mumbai, Maharashtra",19.0728,72.8826,500009,https://www.facebook.com/shadesbyshweta,,,https://www.instagram.com/shadesbyshweta/,https://www.houzz.in/professionals/interior-designers-and-decorators/shades-by-shweta-pfvwin-pf~1350616299,interior-designers
DELECON DESIGN CO.,098925 05538,https://st.hzcdn.com/simgs/d583674504520aa7_0-1382/_.jpg, ,Mumbai,,400614,IN," , Mumbai, 400614",19.0287,73.0422,500009,https://www.facebook.com/DeleconDesignsIndia/,https://twitter.com/delecondesign/,https://in.linkedin.com/company/delecon-design-company,https://www.youtube.com/@amazinginteriorsbydelecon6501/playlists,https://www.houzz.in/professionals/interior-designers-and-decorators/delecon-design-co-pfvwin-pf~1636849507,interior-designers
ACCENT STUDIOS,090583 56115,https://st.hzcdn.com/simgs/a643198c03f64c6a_0-8406/_.jpg,"30 72/1 Rajpur Road , near Pine Hall School . ",Dehradun,Uttarakhand,248001,IN,"30 72/1 Rajpur Road , near Pine Hall School . , Dehradun, Uttarakhand, 248001",30.3243,78.0492,500009,,,,,https://www.houzz.in/hznb/professionals/interior-designers-and-decorators/accent-studios-pfvwus-pf~885652069,interior-designers
NXT Dream Interiors,098481 35247,https://st.hzcdn.com/simgs/59a331fb0bbdd543_0-2156/_.jpg,"NXT Dream Interiors Flat No 403, Everest block, Aditya enclave, Near Ameerpet metro station,Maitrivanam, Ameerpet ",Hyderabad,Telangana,500016,IN,"NXT Dream Interiors Flat No 403, Everest block, Aditya enclave, Near Ameerpet metro station,Maitrivanam, Ameerpet , Hyderabad, Telangana, 500016",17.4441,78.4637,500009,https://www.facebook.com/NXTdREAMiNTERIOR/,https://twitter.com/dream_nxt,https://www.linkedin.com/in/nxt-dream-interiors-1a750a172/,http://www.nxtdreaminteriors.com/,https://www.houzz.in/hznb/professionals/interior-designers-and-decorators/nxt-dream-interiors-pfvwus-pf~28549495,interior-designers
Jannat Vasi Interior Design,098198 44059,https://st.hzcdn.com/simgs/d60377450e16f4e8_0-4276/_.jpg,Bandra (W) ,Mumbai,Maharashtra,400050,IN,"Bandra (W) , Mumbai, Maharashtra, 400050",19.0555,72.8295,500009,,,,http://www.jannatvasi.com/,https://www.houzz.in/professionals/interior-designers-and-decorators/jannat-vasi-interior-design-pfvwin-pf~976858466,interior-designers
Aakar design studio,088104 55124,https://st.hzcdn.com/simgs/a643fbc902b85641_0-2276/_.jpg,"207, sarvodya nagar vijay nagar",Ghaziabad,Uttar Pradesh,201009,IN,"207, sarvodya nagar vijay nagar, Ghaziabad, Uttar Pradesh, 201009",28.6255,77.4404,500009,,,,,https://www.houzz.in/professionals/interior-designers-and-decorators/aakar-design-studio-pfvwin-pf~566707931,interior-designers
Royal Interior,096555 51886,https://st.hzcdn.com/simgs/ac23b76e0acc79ea_0-9994/_.jpg, ,Coimbatore,Tamil Nadu,641009,IN," , Coimbatore, Tamil Nadu, 641009",11.0095,76.9623,500009,https://www.facebook.com/royalinterior360/,,,,https://www.houzz.in/hznb/professionals/interior-designers-and-decorators/royal-interior-pfvwus-pf~1672396442,interior-designers
Studio Septray,080825 12657,https://st.hzcdn.com/simgs/ab33a0e60ddc0e18_0-2617/_.jpg,Sion ,Mumbai,Maharashtra,400022,IN,"Sion , Mumbai, Maharashtra, 400022",19.0435,72.8683,500009,,,,,https://www.houzz.in/professionals/interior-designers-and-decorators/studio-septray-pfvwin-pf~1991844988,interior-designers
Studio Crimson,099221 77779,https://st.hzcdn.com/simgs/6ef3159d0e8ed0ff_0-7920/_.jpg,"Studio Crimson, 218, Shaniwar peth Opposite Omkareshwar temple",Pune,Maharashtra,411030,IN,"Studio Crimson, 218, Shaniwar peth Opposite Omkareshwar temple, Pune, Maharashtra, 411030",18.506,73.843,500009,https://www.facebook.com/studio.crimson20/,,,,https://www.houzz.in/professionals/interior-designers-and-decorators/studio-crimson-pfvwin-pf~691794247,interior-designers
Kriti Kreations Home Interior & Decor,079786 03683,https://st.hzcdn.com/simgs/7e13d8cb025ea13c_0-1131/_.jpg,A-7 (2nd Floor) Mancheswar IE,Bhubaneswar,Orissa,751010,IN,"A-7 (2nd Floor) Mancheswar IE, Bhubaneswar, Orissa, 751010",20.3058,85.8602,500009,,,,,https://www.houzz.in/professionals/interior-designers-and-decorators/kriti-kreations-home-interior-and-decor-pfvwin-pf~155513423,interior-designers
Studio DAT,098994 66735,https://st.hzcdn.com/simgs/1cc3e22f0ace3342_0-6589/_.jpg,Sector 47 ,Noida,Uttar Pradesh,201301,IN,"Sector 47 , Noida, Uttar Pradesh, 201301",28.5823,77.3223,500009,https://www.facebook.com/All-you-need-is-DAT-106772067594296,,,https://www.studiodat.in,https://www.houzz.in/professionals/interior-designers-and-decorators/studio-dat-pfvwin-pf~976135214,interior-designers
Shuchi Bhatt Designs,097425 51313,https://st.hzcdn.com/simgs/b2731f8b049eee56_0-9085/_.jpg,BTM stage II ,Bengaluru,Karnataka,560076,IN,"BTM stage II , Bengaluru, Karnataka, 560076",12.8856,77.598,500009,,,,,https://www.houzz.in/professionals/interior-designers-and-decorators/shuchi-bhatt-designs-pfvwin-pf~1388881010,interior-designers
The Curated Decor,086525 70857,https://st.hzcdn.com/simgs/f383a29600802582_0-0948/_.jpg,Mumbai Mumbai Maharashtra,Mumbai,Maharashtra,400049,IN,"Mumbai Mumbai Maharashtra, Mumbai, Maharashtra, 400049",,,500009,,,,,https://www.houzz.in/professionals/interior-designers-and-decorators/the-curated-decor-pfvwin-pf~1866583100,interior-designers
SMD Studios,097119 70015,https://st.hzcdn.com/simgs/3d7350270b7025d8_0-6704/_.jpg, ,New Delhi,Delhi,110009,IN," , New Delhi, Delhi, 110009",28.7076,77.2037,500009,,,,,https://www.houzz.in/hznb/professionals/interior-designers-and-decorators/smd-studios-pfvwus-pf~721967958,interior-designers
Miggla An Luxury Interiors & Custom Furniture,096435 31515,https://st.hzcdn.com/simgs/1a23477a084c1898_0-7503/_.jpg,"G-02, Best Sky tower Netaji subhsah place",Delhi,Delhi,110034,IN,"G-02, Best Sky tower Netaji subhsah place, Delhi, Delhi, 110034",28.6968,77.1259,500009,https://www.facebook.com/migglaofficial,,https://www.linkedin.com/company/miggla/,https://miggla.com/blog,https://www.houzz.in/professionals/interior-designers-and-decorators/miggla-an-luxury-interiors-and-custom-furniture-pfvwin-pf~601023662,interior-designers
The Interior Maven _ Swati Thakkar,077380 50625,https://st.hzcdn.com/simgs/d293f0e604957023_0-6057/_.jpg,"Zenia Building, Hiranandani Estate ",Thane,Maharashtra,400607,IN,"Zenia Building, Hiranandani Estate , Thane, Maharashtra, 400607",,,500009,,,,,https://www.houzz.in/professionals/interior-designers-and-decorators/the-interior-maven-swati-thakkar-pfvwin-pf~1581823456,interior-designers
PDDesign,9100,https://st.hzcdn.com/simgs/87d39dff0358bc49_0-1250/_.jpg, ,Thane,Maharashtra,400604,IN," , Thane, Maharashtra, 400604",19.1922,72.9527,500009,,,,,https://www.houzz.in/professionals/interior-designers-and-decorators/pddesign-pfvwin-pf~1041031896,interior-designers
Rika Design Interior,011 4101 4888,https://st.hzcdn.com/simgs/6ab3e2c703bf63b1_0-1826/_.jpg,X 29 Haus Khas ,New Delhi,,110016,IN,"X 29 Haus Khas , New Delhi, 110016",28.5445,77.1911,500009,,,,,https://www.houzz.in/professionals/interior-designers-and-decorators/rika-design-interior-pfvwin-pf~1761836083,interior-designers
Luxuto Interiors,099999 32376,https://st.hzcdn.com/simgs/dda33bab0006e1af_0-3748/_.jpg,"RG Homes, Street Number 1, Arya Nagar, Sarfabad Sector 73",Noida,Uttar Pradesh,201307,IN,"RG Homes, Street Number 1, Arya Nagar, Sarfabad Sector 73, Noida, Uttar Pradesh, 201307",28.5978,77.3884,500009,https://www.facebook.com/people/Luxuto-Interiors/100064366891418/,,https://www.linkedin.com/in/kamal-gupta-007b0ba4?original_referer=https%3A%2F%2Fwww.bing.com%2F,https://www.luxutointeriors.com/blog,https://www.houzz.in/professionals/interior-designers-and-decorators/luxuto-interiors-pfvwin-pf~849633006,interior-designers
Dezignare India,098861 42838,https://st.hzcdn.com/simgs/d0b3b26601a41049_0-8308/_.jpg,"No 962, 8th Cross, Near HSR Police Station, 26th Main, HSR Layout Sector 1, ",Bangalore,,560102,IN,"No 962, 8th Cross, Near HSR Police Station, 26th Main, HSR Layout Sector 1, , Bangalore, 560102",12.9114,77.6443,500009,http://www.facebook.com/pages/Dezignare-India/108247742530881,,,www.dezignareindia.com,https://www.houzz.in/professionals/interior-designers-and-decorators/dezignare-india-pfvwin-pf~59082462,interior-designers
Pankaj Mhatre Architects.,091676 27740,https://st.hzcdn.com/simgs/8e73154701a5b40f_0-5307/_.jpg, ,Mumbai,Maharashtra,401201,IN," , Mumbai, Maharashtra, 401201",19.3484,72.7982,500009,,,,,https://www.houzz.in/professionals/interior-designers-and-decorators/pankaj-mhatre-architects-pfvwin-pf~2080790497,interior-designers
Shalini Ganguli,098305 66604,https://st.hzcdn.com/simgs/bac3cfad0113b253_0-4186/_.jpg,Ballygunge placeSafdarjung enclave ,Delhi,Delhi,110029,IN,"Ballygunge placeSafdarjung enclave , Delhi, Delhi, 110029",28.564,77.2025,500009,https://www.facebook.com/shalinganguliinteriors,https://twitter.com/shaliniganguli,,www.instagram.com/shaliniganguliinteriors,https://www.houzz.in/professionals/interior-designers-and-decorators/shalini-ganguli-pfvwin-pf~1166308341,interior-designers
StudioRKD,070668 32424,https://st.hzcdn.com/simgs/05b3a9f5077f53ed_0-6404/_.jpg, ,pune,Maharashtra,,IN," , pune, Maharashtra",18.5196,73.8554,500009,https://www.facebook.com/idesignstudiopune,,,www.idesignstudio.co.in,https://www.houzz.in/professionals/interior-designers-and-decorators/studiorkd-pfvwin-pf~914785492,interior-designers
AND Designspace,090295 58138,https://st.hzcdn.com/simgs/1273fb3e0df3379d_0-2050/_.jpg,"Shop No. 9 , Prince Plaza , Rawal Nagar , Bhayandar (East) ",Mumbai,Maharashtra,401105,IN,"Shop No. 9 , Prince Plaza , Rawal Nagar , Bhayandar (East) , Mumbai, Maharashtra, 401105",19.3065,72.8649,500009,https://www.facebook.com/anddesignspace/,,,http://www.anddesignspace.com,https://www.houzz.in/professionals/interior-designers-and-decorators/and-designspace-pfvwin-pf~1478987463,interior-designers
zeelex interiors,094282 67919,https://st.hzcdn.com/simgs/a503b1ae00a75e6e_0-1423/_.jpg,"506 , i square corporate park , Near CIMS Hospital , Science City Rd , Science city",Ahmedabad,Gujarat,380060,IN,"506 , i square corporate park , Near CIMS Hospital , Science City Rd , Science city, Ahmedabad, Gujarat, 380060",,,500009,https://m.facebook.com/Zeelex-Interiors-409034333047858/,,https://www.linkedin.com/in/zeelex-interiors-94378a202,www.zeelexinteriors.com,https://www.houzz.in/professionals/interior-designers-and-decorators/zeelex-interiors-pfvwin-pf~1010851785,interior-designers
NAYANAM DESIGN STUDIO,094090 72826,https://st.hzcdn.com/simgs/1fb33e3b06a59901_0-6120/_.jpg,"E-606, saransh arth, opp. reveenta flats, near rajyash rains, b/h G.B shah college, south vasna",ahmedabad,Gujarat,380017,IN,"E-606, saransh arth, opp. reveenta flats, near rajyash rains, b/h G.B shah college, south vasna, ahmedabad, Gujarat, 380017",23.0258,72.5873,500009,,,,,https://www.houzz.in/hznb/professionals/interior-designers-and-decorators/nayanam-design-studio-pfvwus-pf~60675662,interior-designers
Rashi Agarwal Designs,098310 05185,https://st.hzcdn.com/simgs/d0e3519908aed314_0-2070/_.jpg, ,Kolkata,West Bengal,700019,IN," , Kolkata, West Bengal, 700019",22.526,88.3625,500009,,,,,https://www.houzz.in/hznb/professionals/interior-designers-and-decorators/rashi-agarwal-designs-pfvwus-pf~1636636463,interior-designers
Black Pebble Designs,081060 71763,https://st.hzcdn.com/simgs/0253184906547357_0-0584/_.jpg,"1104 Planet SKS, Kadri Kadri Hills",Mangalore,Karnataka,575004,IN,"1104 Planet SKS, Kadri Kadri Hills, Mangalore, Karnataka, 575004",12.8908,74.8482,500009,https://www.facebook.com/blackpebbledesigns,,https://www.linkedin.com/company/blackpebbledesigns,https://www.x.com/blackpebbled,https://www.houzz.in/professionals/interior-designers-and-decorators/black-pebble-designs-pfvwin-pf~2119239048,interior-designers
Saar Luxury,085598 83150,https://st.hzcdn.com/simgs/f8a35c680ef37b28_0-0508/_.jpg,"157, varcha vada, pernem road, arambol arambol goa, 403524",Arambol,Goa,403524,IN,"157, varcha vada, pernem road, arambol arambol goa, 403524, Arambol, Goa, 403524",15.6999,73.7234,500009,,,,,https://www.houzz.in/professionals/interior-designers-and-decorators/saar-luxury-pfvwin-pf~976916154,interior-designers
SoulSpace Interiors,099206 56345,https://st.hzcdn.com/simgs/e1c337a60858da00_0-2549/_.jpg, ,Delhi,Uttarakhand,110019,IN," , Delhi, Uttarakhand, 110019",28.5374,77.2572,500009,https://www.facebook.com/aditimorayyainteriors,,https://www.linkedin.com/in/aditimorayya,http://aditipawar156.wixsite.com/portfolio,https://www.houzz.in/hznb/professionals/interior-designers-and-decorators/soulspace-interiors-pfvwus-pf~1738712444,interior-designers
Latest interiors and constructions,099997 00712,https://st.hzcdn.com/simgs/c1c386c407b1fd6b_0-2624/_.jpg,A 39 third floor vishal enclave rajouri garden Building no.12 community centre Lawrence road industrial area,new delhi,Delhi,110027,IN,"A 39 third floor vishal enclave rajouri garden Building no.12 community centre Lawrence road industrial area, new delhi, Delhi, 110027",28.6474,77.1177,500009,,,,www.latestinteriors.com,https://www.houzz.in/hznb/professionals/interior-designers-and-decorators/latest-interiors-and-constructions-pfvwus-pf~815824203,interior-designers
Decorum design's,093302 33971,https://st.hzcdn.com/simgs/09734682012bb6a6_0-1271/_.jpg,"20/1/H/1, Bright street 20/1/H/1, Bright street",Kolkata,West Bengal,700017,IN,"20/1/H/1, Bright street 20/1/H/1, Bright street, Kolkata, West Bengal, 700017",22.5426,88.3636,500009,,,,,https://www.houzz.in/hznb/professionals/interior-designers-and-decorators/decorum-design-s-pfvwin-pf~1766002659,interior-designers
Nayan Deshmukh Architects,086683 59015,https://st.hzcdn.com/simgs/e383fc9702e1524a_0-5232/_.jpg,"A2-9 , Bramha Baag Society, sopan Baug B T Kawde road ",Pune,Maharashtra,411001,IN,"A2-9 , Bramha Baag Society, sopan Baug B T Kawde road , Pune, Maharashtra, 411001",18.5229,73.8853,500009,,,,,https://www.houzz.in/professionals/interior-designers-and-decorators/nayan-deshmukh-architects-pfvwin-pf~155712311,interior-designers
Yash Interior,087662 12762,https://st.hzcdn.com/simgs/1693ca9d0190ddba_0-1921/_.jpg,"788 Ground Floor, OM Apartment, Dwarka Sector 14, ",New Delhi,Delhi,110078,IN,"788 Ground Floor, OM Apartment, Dwarka Sector 14, , New Delhi, Delhi, 110078",28.5986,77.0328,500009,https://www.facebook.com/yashinterior.in/,https://twitter.com/YashInterior,https://www.linkedin.com/company/yash-interior/,https://www.yashinterior.in/blog,https://www.houzz.in/professionals/interior-designers-and-decorators/yash-interior-pfvwin-pf~851577634,interior-designers
Palle interiors,088976 77859,https://st.hzcdn.com/simgs/a933245d01164674_0-8164/_.jpg, ,,,500039,IN," , 500039",17.3976,78.5831,500009,,,,,https://www.houzz.in/professionals/interior-designers-and-decorators/palle-interiors-pfvwin-pf~1229142471,interior-designers
SPACE 9 DESIGN STUDIO,090332 60991,https://st.hzcdn.com/simgs/d39314e80fcf8d7a_0-9957/_.jpg,"606, Shivalik Satyamev, Bopal ambli junction, s.p.ring road Bopal",Ahmedabad,Gujarat,380058,IN,"606, Shivalik Satyamev, Bopal ambli junction, s.p.ring road Bopal, Ahmedabad, Gujarat, 380058",23.0242,72.4618,500009,https://www.facebook.com/space9designstudio,,,http://www.space9designstudio.com/,https://www.houzz.in/professionals/interior-designers-and-decorators/space-9-design-studio-pfvwin-pf~96464577,interior-designers
Peacock Lane Interiors,080088 92434,https://st.hzcdn.com/simgs/9d236a94019e10a4_0-8995/_.jpg,SANATHNAGAR HYDERABAD,Hyderabad,Telangana,500038,IN,"SANATHNAGAR HYDERABAD, Hyderabad, Telangana, 500038",17.4446,78.4404,500009,,,,,https://www.houzz.in/professionals/interior-designers-and-decorators/peacock-lane-interiors-pfvwin-pf~667084956,interior-designers
Ivy Habitat Interior Kraft LLP,087774 62262,https://st.hzcdn.com/simgs/d113598c09c28929_0-4300/_.jpg, ,Kolkata,West Bengal,700029,IN," , Kolkata, West Bengal, 700029",22.5137,88.3565,500009,,,,,https://www.houzz.in/professionals/interior-designers-and-decorators/ivy-habitat-interior-kraft-llp-pfvwin-pf~380330524,interior-designers
Designclick - Interior design solutions,081600 42229,https://st.hzcdn.com/simgs/5cf3f32c077113ef_0-1536/_.jpg,Satellite ,Ahmedabad,Gujarat,380015,IN,"Satellite , Ahmedabad, Gujarat, 380015",,,500009,https://www.facebook.com/designclick9395,https://twitter.com/DesignclickI,https://www.linkedin.com/in/design-click-276a741b2/,http://designclick.in,https://www.houzz.in/professionals/interior-designers-and-decorators/designclick-interior-design-solutions-pfvwin-pf~815697879,interior-designers
October Designs by Priyanka,089484 24484,https://st.hzcdn.com/simgs/8f53fdca0ccc6659_0-4583/_.jpg,Richmond Town ,Bangalore,Karnataka,560025,IN,"Richmond Town , Bangalore, Karnataka, 560025",,,500009,,,,,https://www.houzz.in/professionals/interior-designers-and-decorators/october-designs-by-priyanka-pfvwin-pf~1890859931,interior-designers
Breathing Space,090064 80370,https://st.hzcdn.com/simgs/b2f3ee3106b1e930_0-5520/_.jpg,"424, 4th Floor, Budha Plaza, Budha Marg, Near Ashok Cinema",Patna,Bihar,800001,IN,"424, 4th Floor, Budha Plaza, Budha Marg, Near Ashok Cinema, Patna, Bihar, 800001",,,500009,https://www.facebook.com/breathingspace.in,https://twitter.com/BreathingSpac14?s=07,https://www.linkedin.com/company/a-breathing-space,www.breathingspace.in,https://www.houzz.in/professionals/interior-designers-and-decorators/breathing-space-pfvwin-pf~378529400,interior-designers
Ministry Of Interior Design,085915 70118,https://st.hzcdn.com/simgs/f89376b70200cecb_0-0107/_.jpg,"3rd Floor, 6th Vithalwadi, Zaveri Bazaar ",Mumbai,Maharashtra,400002,IN,"3rd Floor, 6th Vithalwadi, Zaveri Bazaar , Mumbai, Maharashtra, 400002",18.9462,72.8254,500009,facebook.com/ministryofinteriordesign,,https://in.linkedin.com/company/ministryofinteriordesign,www.moid.in,https://www.houzz.in/professionals/interior-designers-and-decorators/ministry-of-interior-design-pfvwin-pf~1262869414,interior-designers
Divya Goenka,098305 54247,//www.houzz.com/res/29230478/pic/user_0.png?v=29230478,"2/7 sarat bose road, 5th floor, kolkata -20 ",KOLKATA,West Bengal,700020,IN,"2/7 sarat bose road, 5th floor, kolkata -20 , KOLKATA, West Bengal, 700020",,,500009,,,,,https://www.houzz.in/professionals/interior-designers-and-decorators/divya-goenka-pfvwin-pf~348386461,interior-designers
Pramukh Inc,083558 77436,https://st.hzcdn.com/simgs/cce3f04009c747d2_0-0938/_.jpg,"1721-F, Level 17th, Cyber One, Sector 30, Vashi ",Navi Mumbai,Maharashtra,410210,IN,"1721-F, Level 17th, Cyber One, Sector 30, Vashi , Navi Mumbai, Maharashtra, 410210",19.0658,73.0679,500009,,,,,https://www.houzz.in/professionals/interior-designers-and-decorators/pramukh-inc-pfvwin-pf~1957386657,interior-designers
AH SPACERS,098865 18608,https://st.hzcdn.com/simgs/56c328cc0f5de1bd_0-4974/_.jpg,"#64/1, 14th main, Chandra Layout, Bangalore. ",Bengaluru,Karnataka,560040,IN,"#64/1, 14th main, Chandra Layout, Bangalore. , Bengaluru, Karnataka, 560040",,,500009,,,,,https://www.houzz.in/professionals/interior-designers-and-decorators/ah-spacers-pfvwin-pf~1354508807,interior-designers
The Address Studio,078773 16831,https://st.hzcdn.com/simgs/98f3ea54038709cd_0-0088/_.jpg,"404,agrim apartments, sector 43 ",Gurgaon,Haryana,122009,IN,"404,agrim apartments, sector 43 , Gurgaon, Haryana, 122009",28.4598,77.0863,500009,https://www.facebook.com/profile.php?id=100088439615993,,https://www.linkedin.com/company/the-address-studio/,theaddressstudio.in,https://www.houzz.in/professionals/interior-designers-and-decorators/the-address-studio-pfvwin-pf~1481029503,interior-designers
Homeinteriors,095555 32068,https://st.hzcdn.com/simgs/dca3e8cf017ab4bc_0-1756/_.jpg,"Home interiors Designers Jai Mahavir Colony road Sandalpur, Patna-800006 Bihar ",Patna,Bihar,800006,IN,"Home interiors Designers Jai Mahavir Colony road Sandalpur, Patna-800006 Bihar , Patna, Bihar, 800006",25.6119,85.1792,500009,,,,,https://www.houzz.in/professionals/interior-designers-and-decorators/homeinteriors-pfvwin-pf~667039712,interior-designers
INDESIGN,093242 81624,https://st.hzcdn.com/simgs/1253b3b10cf76f79_0-9801/_.jpg,Kandivali East ,Mumbai,Maharashtra,400101,IN,"Kandivali East , Mumbai, Maharashtra, 400101",19.2005,72.8709,500009,,,,,https://www.houzz.in/hznb/professionals/interior-designers-and-decorators/indesign-pfvwus-pf~973624334,interior-designers
Alur Home,098452 11611,https://st.hzcdn.com/simgs/d1137344099b06d7_0-2057/_.jpg,Alur home-1B. 27th  main road. 1st floor. HSR layout 1st sector. ,Bangalore,Karnataka,560102,IN,"Alur home-1B. 27th  main road. 1st floor. HSR layout 1st sector. , Bangalore, Karnataka, 560102",12.9114,77.6443,500009,https://www.facebook.com/interiordesignblr/?ref=bookmarks,https://twitter.com/Alur_home,https://www.linkedin.com/company-beta/17969504/admin/updates/,www.alurhome.com/blog,https://www.houzz.in/professionals/interior-designers-and-decorators/alur-home-pfvwin-pf~1736796620,interior-designers
Aanka,097486 69033,https://st.hzcdn.com/simgs/1343db4e0b4790aa_0-4487/_.jpg, ,Delhi,Delhi,110049,IN," , Delhi, Delhi, 110049",,,500009,https://www.facebook.com/Aanka-634325509999603,,,www.aankainterio.com,https://www.houzz.in/professionals/interior-designers-and-decorators/aanka-pfvwin-pf~1353640663,interior-designers
Memphis Designs,098450 28773,https://st.hzcdn.com/simgs/a943f32005dc638c_0-6767/_.jpg,"302, block 2, keerthi manor, GM Palya Main road, New Thippasandra, ",Bangalore,,560075,IN,"302, block 2, keerthi manor, GM Palya Main road, New Thippasandra, , Bangalore, 560075",12.9713,77.6629,500009,,,,,https://www.houzz.in/professionals/interior-designers-and-decorators/memphis-designs-pfvwin-pf~688210267,interior-designers
Artsy Corner,099102 03552,https://st.hzcdn.com/simgs/04330c2300e82c03_0-8605/_.jpg, ,,,,IN, ,,,500009,https://www.facebook.com/artsycornerdelhi,,,"www,artsycorner.in",https://www.houzz.in/hznb/professionals/interior-designers-and-decorators/artsy-corner-pfvwus-pf~314614366,interior-designers
Purple Edge Design,099580 07346,https://st.hzcdn.com/simgs/d373c62a0f7ec835_0-0825/_.jpg,"210, 2nd Floor, Kanchenjunga building 18 Barakhamba road,",Delhi,,110001,IN,"210, 2nd Floor, Kanchenjunga building 18 Barakhamba road,, Delhi, 110001",28.6264,77.2207,500009,www.facebook.com/purpleedgedesign,,https://www.linkedin.com/company/purpleedge-design,www.purpleedgedesign.com,https://www.houzz.in/hznb/professionals/interior-designers-and-decorators/purple-edge-design-pfvwus-pf~473746637,interior-designers
Peaceful homes,088265 77663,https://st.hzcdn.com/simgs/33d3ecb50294b61c_0-4494/_.jpg,G 1105 Logix,Noida,Uttar Pradesh,201305,IN,"G 1105 Logix, Noida, Uttar Pradesh, 201305",,,500009,,,,,https://www.houzz.in/professionals/interior-designers-and-decorators/peaceful-homes-pfvwin-pf~2017756055,interior-designers
Urban Sketch,098810 04116,https://st.hzcdn.com/simgs/9a536a9f0adc6699_0-2129/_.jpg,"T-19,Silvio Heights Near Caculo Mall,",Panjim,Goa,403001,IN,"T-19,Silvio Heights Near Caculo Mall,, Panjim, Goa, 403001",15.4901,73.8312,500009,,,,,https://www.houzz.in/professionals/interior-designers-and-decorators/urban-sketch-pfvwin-pf~758216961,interior-designers
Descape,085060 06764,https://st.hzcdn.com/simgs/380332720009accf_0-2872/_.jpg,"10 C, Dhawalgiri Apartments Sector 11",GAUTAM BUDH NAGAR,Uttar Pradesh,201301,IN,"10 C, Dhawalgiri Apartments Sector 11, GAUTAM BUDH NAGAR, Uttar Pradesh, 201301",,,500009,https://www.facebook.com/descapeinteriors,,https://in.linkedin.com/company/de-scape,https://www.instagram.com/descape.in/,https://www.houzz.in/professionals/interior-designers-and-decorators/descape-pfvwin-pf~96255417,interior-designers
My Vision Interiors,090103 55553,https://st.hzcdn.com/simgs/3863b78f0a49ec0b_0-2740/_.jpg,Nehru Nagar #3-16-75 2nd Floor,Hyderabad,Telangana,500013,IN,"Nehru Nagar #3-16-75 2nd Floor, Hyderabad, Telangana, 500013",17.3904,78.5252,500009,https://www.facebook.com/Myvisioninteriors/,https://twitter.com/myvisioninterio,https://www.linkedin.com/in/my-vision-interiors/,https://myvisioninteriordesign.com/,https://www.houzz.in/professionals/interior-designers-and-decorators/my-vision-interiors-pfvwin-pf~95253169,interior-designers
The White Frame,099711 68322,https://st.hzcdn.com/simgs/28a3cb37059e6f34_0-8352/_.jpg,"139 Pace City 1, Hero Honda Chowk, Gurgaon, Sohna Road - (Near Big Boys Toys) ",Gurgaon,Haryana,122001,IN,"139 Pace City 1, Hero Honda Chowk, Gurgaon, Sohna Road - (Near Big Boys Toys) , Gurgaon, Haryana, 122001",28.4503,77.0274,500009,,,,,https://www.houzz.in/professionals/interior-designers-and-decorators/the-white-frame-pfvwin-pf~407550059,interior-designers
Trendco Interior,094304 59771,https://st.hzcdn.com/simgs/b9c3eb5b058e603d_0-9568/_.jpg,"2nd floor, Dumrao Palace, Fraser Road, Near Dakbanglow Chowraha, Patna, Bihar 800001 ",Patna,Bihar,800001,IN,"2nd floor, Dumrao Palace, Fraser Road, Near Dakbanglow Chowraha, Patna, Bihar 800001 , Patna, Bihar, 800001",25.6058,85.1285,500009,,,,,https://www.houzz.in/professionals/interior-designers-and-decorators/trendco-interior-pfvwin-pf~1925897166,interior-designers
Beyond rules,088012 63096,https://st.hzcdn.com/simgs/e323b9920f3546d2_0-5328/_.jpg,old city hyderabad masabtank,Hyderabad,Telangana,5000064,IN,"old city hyderabad masabtank, Hyderabad, Telangana, 5000064",,,500009,,,,,https://www.houzz.in/professionals/interior-designers-and-decorators/beyond-rules-pfvwin-pf~473801773,interior-designers
Designer Spaces,40050000,https://st.hzcdn.com/simgs/9ed3d3db081c30e6_0-3928/_.jpg, ,Kolkata,West Bengal,,IN," , Kolkata, West Bengal",22.5626,88.363,500009,https://www.facebook.com/designerspaces/,,,,https://www.houzz.in/professionals/interior-designers-and-decorators/designer-spaces-pfvwin-pf~25684727,interior-designers
Ocean Arc,099948 97897,https://st.hzcdn.com/simgs/9c130678096b9b2d_0-4304/_.jpg,NAMBIKKAI MUNAI VALAGAM THIRUVAGOUNDANUR BYPASS,Salem,Tamil Nadu,636004,IN,"NAMBIKKAI MUNAI VALAGAM THIRUVAGOUNDANUR BYPASS, Salem, Tamil Nadu, 636004",11.6843,78.1344,500009,https://www.facebook.com/oceanarcinterior/,,,,https://www.houzz.in/professionals/interior-designers-and-decorators/ocean-arc-pfvwin-pf~598335986,interior-designers
Marboker,070750 34296,https://st.hzcdn.com/simgs/3f83fd3d02687870_0-4193/_.jpg,"Langar House, Hyderabad ",Hyderabad,Telangana,500008,IN,"Langar House, Hyderabad , Hyderabad, Telangana, 500008",17.3991,78.3947,500009,,https://twitter.com/MarbokerTech,https://www.linkedin.com/company/marboker,https://marboker.com/,https://www.houzz.in/professionals/interior-designers-and-decorators/marboker-pfvwin-pf~1799677990,interior-designers
Skyline Spaces,098455 57700,https://st.hzcdn.com/simgs/bf03cbd000b7285e_0-4011/_.jpg,#241 P&Q HBR layout 4th Stage ORR service road,Bangalore,Karnataka,560043,IN,"#241 P&Q HBR layout 4th Stage ORR service road, Bangalore, Karnataka, 560043",13.0243,77.6537,500009,,,,,https://www.houzz.in/professionals/interior-designers-and-decorators/skyline-spaces-pfvwin-pf~96478949,interior-designers
Woodpickr Studios,091216 68058,https://st.hzcdn.com/simgs/7c737fce0135c5a5_0-4444/_.jpg,"Workflo, Bizness Square, 4th floor ",Hyderabad,Telangana,500084,IN,"Workflo, Bizness Square, 4th floor , Hyderabad, Telangana, 500084",17.4703,78.3578,500009,,,,,https://www.houzz.in/professionals/interior-designers-and-decorators/woodpickr-studios-pfvwin-pf~2118379204,interior-designers
Innover By Sakshi Gehani,097020 27093,https://st.hzcdn.com/simgs/2693ddfc0874ca47_0-2112/_.jpg,Goregaon Goregaon East,mumbai,Maharashtra,400063,IN,"Goregaon Goregaon East, mumbai, Maharashtra, 400063",,,500009,,,,https://instagram.com/innoverbysakshigehani?igshid=YmMyMTA2M2Y=,https://www.houzz.in/hznb/professionals/interior-designers-and-decorators/innover-by-sakshi-gehani-pfvwus-pf~757204801,interior-designers
Spaceofy Interior Design Studio,088829 61623,https://st.hzcdn.com/simgs/053379a80213b2ad_0-7379/_.jpg,"kalkaji, new delhi ",new delhi,Delhi,110019,IN,"kalkaji, new delhi , new delhi, Delhi, 110019",,,500009,,,,,https://www.houzz.in/hznb/professionals/interior-designers-and-decorators/spaceofy-interior-design-studio-pfvwus-pf~1103472999,interior-designers
DESIGN CELL,095679 15559,https://st.hzcdn.com/simgs/02a3b5ed0984b323_0-0676/_.jpg, ,KANNUR,Kerala,670702,IN," , KANNUR, Kerala, 670702",11.935,75.6055,500009,https://www.facebook.com/DESIGNCELL.KNR,,,www.designcell.co.in,https://www.houzz.in/hznb/professionals/interior-designers-and-decorators/design-cell-pfvwus-pf~1353287879,interior-designers
HomeJovi E-Designs,099601 66458,https://st.hzcdn.com/simgs/7293d95f07b70a77_0-3416/_.jpg,"Bhetapara , Guwahati ",,Assam,781028,IN,"Bhetapara , Guwahati , Assam, 781028",,,500009,https://www.facebook.com/homejovi,,,www.homejovi.com,https://www.houzz.in/professionals/interior-designers-and-decorators/homejovi-e-designs-pfvwin-pf~1671451614,interior-designers
Arkzions,098302 13730,https://st.hzcdn.com/simgs/fbb3164e041024da_0-9713/_.jpg,32/7 pashupati bhattacharjee road ,Kolkata,West Bengal,700041,IN,"32/7 pashupati bhattacharjee road , Kolkata, West Bengal, 700041",,,500009,,,,,https://www.houzz.in/hznb/professionals/interior-designers-and-decorators/arkzions-pfvwgb-pf~1134485242,interior-designers
Rukmini's Design Associates,099890 90176,https://st.hzcdn.com/simgs/f8d319a208999ab2_0-2221/_.jpg,"91 Springboard, Jubilee Enclave, Hyderabad ",Hyderabad,,500072,IN,"91 Springboard, Jubilee Enclave, Hyderabad , Hyderabad, 500072",17.4958,78.4027,500009,,,,,https://www.houzz.in/hznb/professionals/interior-designers-and-decorators/rukmini-s-design-associates-pfvwus-pf~1510153482,interior-designers
Enrich Decors,099855 89646,https://st.hzcdn.com/simgs/84a3a1a2040296d9_0-0235/_.jpg,Manikonda ,Hyderabad,Telangana,500089,IN,"Manikonda , Hyderabad, Telangana, 500089",17.3966,78.3665,500009,,,,,https://www.houzz.in/hznb/professionals/interior-designers-and-decorators/enrich-decors-pfvwus-pf~2114406028,interior-designers
LJ Interior Concept,096382 62328,https://st.hzcdn.com/simgs/a2530ae40a215c84_0-7876/_.jpg, ,Vadodara,Gujarat,391740,IN," , Vadodara, Gujarat, 391740",22.3812,73.1714,500009,https://www.facebook.com/LJ.Interior.Concept/?ref=py_c,,,,https://www.houzz.in/professionals/interior-designers-and-decorators/lj-interior-concept-pfvwin-pf~1294803965,interior-designers
Orange Interiors,090032 08146,https://st.hzcdn.com/simgs/10631916012cf794_0-6916/_.jpg,"25/1, Ko su mani, street, Choolaimedu",Chennai,Tamil Nadu,600094,IN,"25/1, Ko su mani, street, Choolaimedu, Chennai, Tamil Nadu, 600094",13.0622,80.2219,500009,https://www.facebook.com/orangeinterior.designers/,,,https://www.instagram.com/orange_interior_chennai/,https://www.houzz.in/professionals/interior-designers-and-decorators/orange-interiors-pfvwin-pf~566489111,interior-designers
DRAFT DECOR,077955 68345,https://st.hzcdn.com/simgs/d7d330f208b284a1_0-4372/_.jpg, ,BANGALORE,Karnataka,560026,IN," , BANGALORE, Karnataka, 560026",12.9555,77.5448,500009,https://www.facebook.com/draftdecor/,,,http://www.draftdecor.com/,https://www.houzz.in/professionals/interior-designers-and-decorators/draft-decor-pfvwin-pf~1453595068,interior-designers
Kathkarma Interior Designers,0562 405 7869,https://st.hzcdn.com/simgs/3d5311ef0290f6e2_0-5554/_.jpg,"60 - Church road, Civil lines Bagh farzana",Agra,Uttar Pradesh,282002,IN,"60 - Church road, Civil lines Bagh farzana, Agra, Uttar Pradesh, 282002",27.2071,77.9846,500009,https://www.facebook.com/kathkarmainterior,https://twitter.com/kathkarma,https://www.linkedin.com/company/kathkarmagroup/,https://kathkarma.com/home/services/interior-designing/,https://www.houzz.in/professionals/interior-designers-and-decorators/kathkarma-interior-designers-pfvwin-pf~755697685,interior-designers
Design Arc Interiors Bangalore,096207 89719,https://st.hzcdn.com/simgs/0d73e161023effb5_0-6363/_.jpg,"345,GrounFloor,17th main,14 B cross, HSR Layout Sector - 4, HSR Layout, Bangalore - 560102",Bangalore,Karnataka,560 102,IN,"345,GrounFloor,17th main,14 B cross, HSR Layout Sector - 4, HSR Layout, Bangalore - 560102, Bangalore, Karnataka, 560 102",12.9114,77.6443,500009,https://www.facebook.com/designarcinterior,https://twitter.com/InteriorsArc,,http://designarcinteriors.blogspot.in/,https://www.houzz.in/professionals/interior-designers-and-decorators/design-arc-interiors-bangalore-pfvwin-pf~2114464124,interior-designers
Home Office & more,083330 07007,https://st.hzcdn.com/simgs/0fc3bc2d020dab81_0-8436/_.jpg,"1128, Jubilee Square ","Rd No 36, Jubilee Hills",,500033,IN,"1128, Jubilee Square , Rd No 36, Jubilee Hills, 500033",17.4303,78.4102,500009,,,,,https://www.houzz.in/professionals/interior-designers-and-decorators/home-office-and-more-pfvwin-pf~1040833616,interior-designers
Intrior,098338 98334,https://st.hzcdn.com/simgs/0a33e51c09c4f492_0-9893/_.jpg,"10, 2nd Floor, Samarth Krupa, Sant Namdev Path, Gograsswadi, Dombivli East ",Mumbai,Maharashtra,421201,IN,"10, 2nd Floor, Samarth Krupa, Sant Namdev Path, Gograsswadi, Dombivli East , Mumbai, Maharashtra, 421201",19.21,73.0918,500009,https://www.facebook.com/myintrior/,,,http://intrior.com/,https://www.houzz.in/professionals/interior-designers-and-decorators/intrior-pfvwin-pf~883642721,interior-designers
Hidden Beam Interior,7777993,https://st.hzcdn.com/simgs/e3038d180f7fd46d_0-6023/_.jpg,Instagram : Hidden.beam.interior ,Surat,Gujarat,395017,IN,"Instagram : Hidden.beam.interior , Surat, Gujarat, 395017",21.1628,72.816,500009,www.facebook.com/hidden.beam.interior,,,,https://www.houzz.in/professionals/interior-designers-and-decorators/hidden-beam-interior-pfvwin-pf~691843531,interior-designers
Flaunt Interiors,094910 40891,https://st.hzcdn.com/simgs/53f3f3df013788bb_0-1951/_.jpg,"Plot No :- 89, Street No 4, Sai Durga Residency Rampally Village keesara Mandal",Hyderabad,Telangana,501301,IN,"Plot No :- 89, Street No 4, Sai Durga Residency Rampally Village keesara Mandal, Hyderabad, Telangana, 501301",17.4883,78.6752,500009,,,,,https://www.houzz.in/hznb/professionals/interior-designers-and-decorators/flaunt-interiors-pfvwin-pf~1296297365,interior-designers
Latest Lounge,099308 77394,https://st.hzcdn.com/simgs/9633d6ac063dce9b_0-8196/_.jpg,Mira Road ,,,,IN,Mira Road ,,,500009,,,http://hwww.linkedin.com/in/arkartiknair/,,https://www.houzz.in/hznb/professionals/interior-designers-and-decorators/latest-lounge-pfvwin-pf~852575422,interior-designers
Ameliorate Design Studio,090040 97642,https://st.hzcdn.com/simgs/7c53463002f1ec58_0-6823/_.jpg,"Mumbai, Maharashtra 400010. ",Mumbai,Maharashtra,400010,IN,"Mumbai, Maharashtra 400010. , Mumbai, Maharashtra, 400010",18.97,72.8446,500009,,,www.linkedin.com/in/zehra-contractor,http://www.instagram.com/amelioratedesignstudio,https://www.houzz.in/professionals/interior-designers-and-decorators/ameliorate-design-studio-pfvwin-pf~380582576,interior-designers
Design by lavassa,093058 27863,https://st.hzcdn.com/simgs/7c0304cc0ef15523_0-6383/_.jpg,120/840 Lajpat Nagar opposite Mariampur school ,Kanpur,Uttar Pradesh,208005,IN,"120/840 Lajpat Nagar opposite Mariampur school , Kanpur, Uttar Pradesh, 208005",26.4724,80.3005,500009,,,,,https://www.houzz.in/hznb/professionals/interior-designers-and-decorators/design-by-lavassa-pfvwus-pf~1580893772,interior-designers
Modular Interior,099998 09743,https://st.hzcdn.com/simgs/f393c3a80f53d51b_0-9982/_.jpg,"Office address- 1st floor,  Kailesh Ganga Complex  Basharatpur  Near - Passport office Basharatpur  , Mobile Number +91-9999809743 ",gorakhpur,Uttar Pradesh,273004,IN,"Office address- 1st floor,  Kailesh Ganga Complex  Basharatpur  Near - Passport office Basharatpur  , Mobile Number +91-9999809743 , gorakhpur, Uttar Pradesh, 273004",26.795,83.3699,500009,,,,https://modularinterior.in/interior-designer-in-gorakhpur/,https://www.houzz.in/hznb/professionals/interior-designers-and-decorators/modular-interior-pfvwus-pf~29117159,interior-designers
Muskaan kaur,073514 36102,https://st.hzcdn.com/simgs/4393c6840f034118_0-8196/_.jpg,Aryan homes 2nd floor dobacchi road Dehradun ,Dehradun,Uttarakhand,248001,IN,"Aryan homes 2nd floor dobacchi road Dehradun , Dehradun, Uttarakhand, 248001",30.3243,78.0492,500009,,,,,https://www.houzz.in/professionals/interior-designers-and-decorators/muskaan-kaur-pfvwin-pf~2050272406,interior-designers
The Inside Sketch LLP,082753 90913,https://st.hzcdn.com/simgs/f80316610ac7870c_0-5156/_.jpg, ,Mumbai,Maharashtra,400014,IN," , Mumbai, Maharashtra, 400014",19.0151,72.8462,500009,http://www.facebook.com/TheInsideSketchLLp/,,,www.theinsidesketch.com,https://www.houzz.in/hznb/professionals/interior-designers-and-decorators/the-inside-sketch-llp-pfvwus-pf~1134487154,interior-designers
SIMPLIFYHOME,096400 49619,https://st.hzcdn.com/simgs/29b3f70000af3dfd_0-4360/_.jpg,"plot no-235, sai sadan, suvey of India layout khanamet, Madhapur",Hyderabad,Telangana,500081,IN,"plot no-235, sai sadan, suvey of India layout khanamet, Madhapur, Hyderabad, Telangana, 500081",17.4446,78.3853,500009,https://www.facebook.com/simplifyhomeofficial,,https://www.linkedin.com/company/simplifyhomeofficial/,https://x.com/simplifyhome,https://www.houzz.in/professionals/interior-designers-and-decorators/simplifyhome-pfvwin-pf~96485589,interior-designers
Inside Home Interiors,089993 63762,https://st.hzcdn.com/simgs/63433a0b04859ddf_0-8341/_.jpg,"906, Prakruti Palladium, Punyadham Ashram, Somji kondhwa Bk. ",Pune,Maharashtra,411048,IN,"906, Prakruti Palladium, Punyadham Ashram, Somji kondhwa Bk. , Pune, Maharashtra, 411048",18.449,73.8938,500009,,,,,https://www.houzz.in/professionals/interior-designers-and-decorators/inside-home-interiors-pfvwin-pf~407426323,interior-designers
Hajira Kaleem,099627 21780,https://st.hzcdn.com/simgs/ba03df6104650328_0-3925/_.jpg,"17/32, Sraddha Maya. Pillayar Koil Street, Rajaji Nagar. Thiruvanmiyur",Chennai,Tamil Nadu,600041,IN,"17/32, Sraddha Maya. Pillayar Koil Street, Rajaji Nagar. Thiruvanmiyur, Chennai, Tamil Nadu, 600041",12.9742,80.2597,500009,,,,,https://www.houzz.in/professionals/interior-designers-and-decorators/hajira-kaleem-pfvwin-pf~1330124256,interior-designers
Infinite interior decor,063980 38550,https://st.hzcdn.com/simgs/9c133956012fce97_0-3411/_.jpg,Haldwani Nainital,Haldwani,Uttarakhand,263139,IN,"Haldwani Nainital, Haldwani, Uttarakhand, 263139",29.1755,79.5422,500009,,,,,https://www.houzz.in/professionals/interior-designers-and-decorators/infinite-interior-decor-pfvwin-pf~407107743,interior-designers
K2India,919560555405,https://st.hzcdn.com/simgs/07c337750faa885e_0-1554/_.jpg,"F-213/C, 3rd floor, Lado Sarai Old M B Road",New Delhi,Delhi,110030,IN,"F-213/C, 3rd floor, Lado Sarai Old M B Road, New Delhi, Delhi, 110030",28.484,77.1541,500009,https://www.facebook.com/k2indias,,,http://www.k2india.com/,https://www.houzz.in/professionals/interior-designers-and-decorators/k2india-pfvwin-pf~1421828469,interior-designers
FORTUNE DECOR,086866 92663,https://st.hzcdn.com/simgs/5b136aa602e78ebd_0-1526/_.jpg,"BHUKYA LAXMI APT - 4TH FLOOR, 1. KONDAPUR, HDFC BANK - 2. KOKAPET",HYDERABAD,Telangana,500075,IN,"BHUKYA LAXMI APT - 4TH FLOOR, 1. KONDAPUR, HDFC BANK - 2. KOKAPET, HYDERABAD, Telangana, 500075",17.3786,78.3064,500009,https://www.facebook.com/fortunedecorcompany/,,,https://fortunedecor.com/,https://www.houzz.in/professionals/interior-designers-and-decorators/fortune-decor-pfvwin-pf~1007333717,interior-designers
Adorn Designs,097233 39073,https://st.hzcdn.com/simgs/89c341b90d1b0640_0-2161/_.jpg,"B wing, 5th Floor, Magnus Shopping Mall Althan, Surat",Surat,Gujarat,395017,IN,"B wing, 5th Floor, Magnus Shopping Mall Althan, Surat, Surat, Gujarat, 395017",21.1628,72.816,500009,,,,,https://www.houzz.in/professionals/interior-designers-and-decorators/adorn-designs-pfvwin-pf~943149195,interior-designers
Tiny Pixels Pvt Ltd,095990 18910,https://st.hzcdn.com/simgs/c8638ed109106335_0-7036/_.jpg, ,New Delhi,Delhi,110096,IN," , New Delhi, Delhi, 110096",28.6119,77.3196,500009,,,,,https://www.houzz.in/professionals/interior-designers-and-decorators/tiny-pixels-pvt-ltd-pfvwin-pf~254174948,interior-designers
Alcove Studio,097237 91721,https://st.hzcdn.com/simgs/3ec3331b0d3ea1e2_0-5831/_.jpg,"215, Runwal Commercial Heights, LBS Marg, opposite Nirmal Lifestyle, Mulund (west)",Mumbai,Maharashtra,400080,IN,"215, Runwal Commercial Heights, LBS Marg, opposite Nirmal Lifestyle, Mulund (west), Mumbai, Maharashtra, 400080",19.172,72.9492,500009,https://www.facebook.com/AlcoveStudioInteriorDesign,,https://www.linkedin.com/company/alcove-studio/,https://alcovestudio.in/,https://www.houzz.in/professionals/interior-designers-and-decorators/alcove-studio-pfvwin-pf~1228406247,interior-designers
Positive Spaces - Interior Design Studio,070031 50820,https://st.hzcdn.com/simgs/51d3dd72041c50dc_0-7309/_.jpg,Lake Town ,Kolkata,West Bengal,700048,IN,"Lake Town , Kolkata, West Bengal, 700048",22.6006,88.3996,500009,https://www.facebook.com/positivespaces.in,,https://www.linkedin.com/company/positive-spaces/,,https://www.houzz.in/professionals/interior-designers-and-decorators/positive-spaces-interior-design-studio-pfvwin-pf~1011459553,interior-designers
Eshwar Interiors,063671 41072,https://st.hzcdn.com/simgs/98b35a1f0583f0b6_0-5656/_.jpg,"Jhotwara, Jaipur ",Jaipur,Rajasthan,302012,IN,"Jhotwara, Jaipur , Jaipur, Rajasthan, 302012",27.0049,75.6847,500009,,,,,https://www.houzz.in/professionals/interior-designers-and-decorators/eshwar-interiors-pfvwin-pf~1170926417,interior-designers
Roy Interio,091820 84324,https://st.hzcdn.com/simgs/fa63c10c0f3a62b5_0-2216/_.jpg,"Mubarak colony , yendada road , Visakhapatnam ",Visakhapatnam,Andhra Pradesh,530045,IN,"Mubarak colony , yendada road , Visakhapatnam , Visakhapatnam, Andhra Pradesh, 530045",17.79,83.3748,500009,,,,,https://www.houzz.in/professionals/interior-designers-and-decorators/roy-interio-pfvwin-pf~566073015,interior-designers
YA Interiors,098671 55057,https://st.hzcdn.com/simgs/6783c3480c11f75d_0-3416/_.jpg, ,Thane,Maharashtra,400607,IN," , Thane, Maharashtra, 400607",19.2397,72.9817,500009,,,,,https://www.houzz.in/professionals/interior-designers-and-decorators/ya-interiors-pfvwin-pf~632481849,interior-designers
Form and Function,099401 73326,https://st.hzcdn.com/simgs/3db3434705f0fb29_0-7659/_.jpg,Palavakkam ,Chennai,Tamil Nadu,600041,IN,"Palavakkam , Chennai, Tamil Nadu, 600041",12.9742,80.2597,500009,https://www.facebook.com/priyaindesign/?ref=br_rs,,,https://www.formandfunction.co.in/,https://www.houzz.in/hznb/professionals/interior-designers-and-decorators/form-and-function-pfvwus-pf~127625924,interior-designers
INC Design Studio,097691 99449,https://st.hzcdn.com/simgs/8dc3672109390fc4_0-3839/_.jpg, ,Mumbai,,400050,IN," , Mumbai, 400050",19.0555,72.8295,500009,https://www.facebook.com/incthedesignstudio/,,https://in.linkedin.com/company/inc-design-studio,https://incdesign.in/,https://www.houzz.in/professionals/interior-designers-and-decorators/inc-design-studio-pfvwin-pf~688075591,interior-designers
S. Narang Constructions,089292 21811,https://st.hzcdn.com/simgs/d963c91d0698c70b_0-6292/_.jpg, ,,,,IN, ,,,500009,https://www.facebook.com/share/27DTKpHdMntbuZW8/?mibextid=qi2Omg,,https://www.linkedin.com/company/snarangconstructions/,https://www.instagram.com/snarang_constructions?igsh=MXdjdmtnOTI2bHFxbw==,https://www.houzz.in/hznb/professionals/interior-designers-and-decorators/s-narang-constructions-pfvwin-pf~508665072,interior-designers
Design Spot,080 2521 4575,https://st.hzcdn.com/simgs/40b3725a021dc57d_0-2814/_.jpg,"3373-R,80 Feet Road, Indiranagar, HAL 2nd Stage ",Bangalore,,560038,IN,"3373-R,80 Feet Road, Indiranagar, HAL 2nd Stage , Bangalore, 560038",12.9852,77.6476,500009,,,,,https://www.houzz.in/professionals/interior-designers-and-decorators/design-spot-pfvwin-pf~403024879,interior-designers
Ornate Projects LLP,022 2417 2345,https://st.hzcdn.com/simgs/bda3e5860423ad11_0-8261/_.jpg,wadala ,mumbai,,400037,IN,"wadala , mumbai, 400037",19.023,72.8717,500009,https://www.facebook.com/OrnateConsultants/,https://twitter.com/ornateconsultan,https://www.linkedin.com/in/bhakti-bhojwani-a5319b179/,http://www.ornateprojects.com/,https://www.houzz.in/professionals/interior-designers-and-decorators/ornate-projects-llp-pfvwin-pf~1737557568,interior-designers
TISTHATI INTERIOR DESIGNERS LLP,095500 21951,https://st.hzcdn.com/simgs/1173774805374139_0-0278/_.jpg,"Flat 506, Block 8, My Home Avatar, Puppalaguda, Narsingi ",Hyderabad,Telangana,500089,IN,"Flat 506, Block 8, My Home Avatar, Puppalaguda, Narsingi , Hyderabad, Telangana, 500089",,,500009,,,,,https://www.houzz.in/hznb/professionals/interior-designers-and-decorators/tisthati-interior-designers-llp-pfvwus-pf~60260450,interior-designers
Dream arrow,089435 70011,https://st.hzcdn.com/simgs/9923a2d30146cc06_0-9725/_.jpg,6th floor hilite business park Palazhi,Kozhikode,Kerala,673003,IN,"6th floor hilite business park Palazhi, Kozhikode, Kerala, 673003",11.2211,75.7879,500009,,,,,https://www.houzz.in/professionals/interior-designers-and-decorators/dream-arrow-pfvwin-pf~667137276,interior-designers
Solids and Voids,088791 31989,https://st.hzcdn.com/simgs/2f23b341071d113e_0-5007/_.jpg, ,Mumbai Suburban,Maharashtra,400101,IN," , Mumbai Suburban, Maharashtra, 400101",19.2005,72.8709,500009,www.facebook.com/solidsandvoids,,www.linkedin.com/in/manjusha-adhav-kamble,www.solidsandvoids.com,https://www.houzz.in/professionals/interior-designers-and-decorators/solids-and-voids-pfvwin-pf~2082463233,interior-designers
INSCRIPTION INTERIORS,+1 778-917-9057,https://st.hzcdn.com/simgs/5df39364071f2fa4_0-1607/_.jpg,"63, 4th crosa koramangala 6th block",Bangalore,Karnataka,560095,IN,"63, 4th crosa koramangala 6th block, Bangalore, Karnataka, 560095",,,500009,https://www.facebook.com/inscriptioninteriors/,https://twitter.com/inscriptionshwe,https://www.linkedin.com/in/shweta-dayal-102b44187,http://www.inscriphomes.com,https://www.houzz.in/hznb/professionals/interior-designers-and-decorators/inscription-interiors-pfvwus-pf~312461690,interior-designers
ALLDECOR,076050 34333,https://st.hzcdn.com/simgs/71e36d8a040c3a5a_0-3045/_.jpg,"Eden Pavilion, 561/D, Lake View Park Rd, Bonhooghly Government Colony, ",Kolkata,West Bengal,700108,IN,"Eden Pavilion, 561/D, Lake View Park Rd, Bonhooghly Government Colony, , Kolkata, West Bengal, 700108",22.6463,88.3819,500009,https://www.facebook.com/alldecorkolkata/,https://twitter.com/alldecorkolkata,https://www.linkedin.com/company/alldecorkolkata/,https://alldecor.in,https://www.houzz.in/hznb/professionals/interior-designers-and-decorators/alldecor-pfvwin-pf~633979493,interior-designers
classy style interiors,099937 41980,https://st.hzcdn.com/simgs/24039f640922ac56_0-4568/_.jpg,"FF-1,metro plaza bitthan market arera colony bhopal (m.p)",Bhopal,Madhya Pradesh,462016,IN,"FF-1,metro plaza bitthan market arera colony bhopal (m.p), Bhopal, Madhya Pradesh, 462016",23.1929,77.4035,500009,,,,,https://www.houzz.in/professionals/interior-designers-and-decorators/classy-style-interiors-pfvwin-pf~757469961,interior-designers
Kuvio Studio,099008 10362,https://st.hzcdn.com/simgs/122323c3016d586e_0-4179/_.jpg,"4A, 8TH MAIN, BLOCK 4 KORAMANGALA ",Bangalore,Karnataka,560034,IN,"4A, 8TH MAIN, BLOCK 4 KORAMANGALA , Bangalore, Karnataka, 560034",,,500009,http://www.facebook.com/KuvioStudio,,http://in.linkedin.com/in/richasinghs/,https://medium.com/kuviostudio,https://www.houzz.in/professionals/interior-designers-and-decorators/kuvio-studio-pfvwin-pf~310393018,interior-designers
Felinar Interiors,097484 46444,https://st.hzcdn.com/simgs/73b3f1b10fd24538_0-9323/_.jpg,119/5A Sarat Ghose Garden Road Near ( Acropolis),kolkata,West Bengal,700031,IN,"119/5A Sarat Ghose Garden Road Near ( Acropolis), kolkata, West Bengal, 700031",,,500009,https://www.facebook.com/felinarinteriors,,https://www.linkedin.com/feed/,https://felinarinteriors.com/,https://www.houzz.in/professionals/interior-designers-and-decorators/felinar-interiors-pfvwin-pf~666884052,interior-designers
Fountainhead Interiorz,080082 12354,https://st.hzcdn.com/simgs/7a83d39307973695_0-3980/_.jpg, ,Hyderabad,Telangana,,IN," , Hyderabad, Telangana",17.3841,78.4564,500009,,,,,https://www.houzz.in/hznb/professionals/interior-designers-and-decorators/fountainhead-interiorz-pfvwus-pf~1511895334,interior-designers
Saloni Narayankar Interiors,099893 12440,https://st.hzcdn.com/simgs/d4d3655e0350359c_0-3959/_.jpg, ,hyderabad,,500016,IN," , hyderabad, 500016",,,500009,,,,www.saloninarayankar.com,https://www.houzz.in/professionals/interior-designers-and-decorators/saloni-narayankar-interiors-pfvwin-pf~1988169996,interior-designers
Vibrant Spaces,095431 95431,https://st.hzcdn.com/simgs/75739ad60a2f5b0f_0-1692/_.jpg,"D-41, 4th Street, Anna nagar east, Chennai- 600102 ",Chennai,Tamil Nadu,600102,IN,"D-41, 4th Street, Anna nagar east, Chennai- 600102 , Chennai, Tamil Nadu, 600102",13.0885,80.2244,500009,https://www.facebook.com/VibrantSpaces.in/,,https://in.linkedin.com/company/vibrantspaces,https://vibrantspaces.in/blogs,https://www.houzz.in/professionals/interior-designers-and-decorators/vibrant-spaces-pfvwin-pf~1328386700,interior-designers
Dilip Pandya,098253 16163,https://st.hzcdn.com/simgs/9ba39eee058d3a8f_0-1743/_.jpg,"I/5 Janvishram Society,HDFC ATM Building B/H Sahjanand College,Azad Society Road,Panjrapole",Ahmedabad,,380015,IN,"I/5 Janvishram Society,HDFC ATM Building B/H Sahjanand College,Azad Society Road,Panjrapole, Ahmedabad, 380015",23.0188,72.5236,500009,,,,https://www.instagram.com/studio.i5,https://www.houzz.in/professionals/interior-designers-and-decorators/dilip-pandya-pfvwin-pf~1829040305,interior-designers
UrbanKare Interior,070045 42567,https://st.hzcdn.com/simgs/f3b379770b6fa3b5_0-3061/_.jpg,Software Technology Parks Of India Industrial Area Patliputra Colony,Patna,Bihar,800013,IN,"Software Technology Parks Of India Industrial Area Patliputra Colony, Patna, Bihar, 800013",25.63,85.1057,500009,https://www.facebook.com/UrbanKareOfficial/,https://twitter.com/urbankare,https://in.linkedin.com/company/urbankare,www.urbankare.com,https://www.houzz.in/professionals/interior-designers-and-decorators/urbankare-interior-pfvwin-pf~1295031873,interior-designers
Anish Motwani Associates,098209 78727,https://st.hzcdn.com/simgs/897380a000a003b2_0-4364/_.jpg,"mumbai, pune, gujarat, goa, delhi, punjab ",Mumbai,,400071,IN,"mumbai, pune, gujarat, goa, delhi, punjab , Mumbai, 400071",19.0555,72.8968,500009,,,http://in.linkedin.com/pub/anish-k-motwani/a/600/5a4/,,https://www.houzz.in/professionals/interior-designers-and-decorators/anish-motwani-associates-pfvwin-pf~721608038,interior-designers
Saar Interior Design,081413 79939,https://st.hzcdn.com/simgs/18939465043bd1c9_0-6094/_.jpg,"27, Meeraj Business Centre ",Vadodara,Gujarat,390007,IN,"27, Meeraj Business Centre , Vadodara, Gujarat, 390007",22.312,73.1661,500009,,,,,https://www.houzz.in/hznb/professionals/interior-designers-and-decorators/saar-interior-design-pfvwus-pf~1544659013,interior-designers
The Decorio,077728 63698,https://st.hzcdn.com/simgs/9563d3230f0edf56_0-2587/_.jpg,"618, Shekhar Central Palasia Square",indore,Madhya Pradesh,452001,IN,"618, Shekhar Central Palasia Square, indore, Madhya Pradesh, 452001",22.7049,75.8871,500009,https://www.facebook.com/Thedecorio/?modal=admin_todo_tour,https://twitter.com/TheDecorio,https://www.linkedin.com/in/the-decorio-7861061a6/,http://www.thedecorio.com/,https://www.houzz.in/professionals/interior-designers-and-decorators/the-decorio-pfvwin-pf~792412112,interior-designers
4 A Home Styling,098844 80115,https://st.hzcdn.com/simgs/dd3302800061a66d_0-2496/_.jpg,"No.610, 2nd Cross, 3rd Block, Koramangala ",Bengaluru,Karnataka,560034,IN,"No.610, 2nd Cross, 3rd Block, Koramangala , Bengaluru, Karnataka, 560034",,,500009,,,,,https://www.houzz.in/professionals/interior-designers-and-decorators/4-a-home-styling-pfvwin-pf~1329665396,interior-designers
Quaint Spaces,075065 59961,https://st.hzcdn.com/simgs/03a377540364f588_0-0840/_.jpg,"Dr. Annie Besant Road,  Worli Mumbai- 400030 ",Mumbai,Maharashtra,400030,IN,"Dr. Annie Besant Road,  Worli Mumbai- 400030 , Mumbai, Maharashtra, 400030",19.0139,72.8182,500009,,,,,https://www.houzz.in/professionals/interior-designers-and-decorators/quaint-spaces-pfvwin-pf~944176639,interior-designers
Human Scale Designs,098213 68191,https://st.hzcdn.com/simgs/2513a2e607f1125a_0-6668/_.jpg, ,Mumbai,Maharashtra,,IN," , Mumbai, Maharashtra",19.0728,72.8826,500009,,,,,https://www.houzz.in/hznb/professionals/interior-designers-and-decorators/human-scale-designs-pfvwus-pf~790844304,interior-designers
9estudio,077386 99907,https://st.hzcdn.com/simgs/b6735f7f092d04fb_0-2621/_.jpg,Mumbai ,Mumbai,Maharashtra,400007,IN,"Mumbai , Mumbai, Maharashtra, 400007",18.9611,72.8147,500009,,,,,https://www.houzz.in/hznb/professionals/interior-designers-and-decorators/9estudio-pfvwus-pf~597001198,interior-designers
INFRAMAX ARCHITECTS AND INTERIORS,096006 17896,https://st.hzcdn.com/simgs/9d936f580f054fb6_0-5533/_.jpg,"72,VOC STREET,BR PURAM PEELAMEDU",Coimbatore,Tamil Nadu,641004,IN,"72,VOC STREET,BR PURAM PEELAMEDU, Coimbatore, Tamil Nadu, 641004",,,500009,,,,,https://www.houzz.in/professionals/interior-designers-and-decorators/inframax-architects-and-interiors-pfvwin-pf~918374924,interior-designers
scaleup,093731 62813,https://st.hzcdn.com/simgs/cbc337b90f6f5e64_0-3261/_.jpg, ,Pune,Maharashtra,411042,IN," , Pune, Maharashtra, 411042",18.5065,73.8679,500009,,,,,https://www.houzz.in/professionals/interior-designers-and-decorators/scaleup-pfvwin-pf~1992089884,interior-designers
Futomic Design Services Pvt Ltd,099999 93775,https://st.hzcdn.com/simgs/a853e7a20281e014_0-0530/_.jpg,"254 HRM, Saket ",Delhi,,110017,IN,"254 HRM, Saket , Delhi, 110017",28.5287,77.2147,500009,,http://twitter.com/futomic,http://www.linkedin.com/company/futomic-designs,https://www.instagram.com/komalniruladesigncollections/,https://www.houzz.in/professionals/interior-designers-and-decorators/futomic-design-services-pvt-ltd-pfvwin-pf~789264584,interior-designers
Creadora Design Studio,095998 65920,https://st.hzcdn.com/simgs/d573918108a41d8c_0-8366/_.jpg,"1305/43, Fourth Floor, Sector 43",Gurgaon,Haryana,122009,IN,"1305/43, Fourth Floor, Sector 43, Gurgaon, Haryana, 122009",28.4598,77.0863,500009,https://www.facebook.com/creadoradesignstudio/,,https://www.linkedin.com/in/karishma-bansal-861b3897,www.creadoradesignstudio.com,https://www.houzz.in/professionals/interior-designers-and-decorators/creadora-design-studio-pfvwin-pf~1956926041,interior-designers
Cluster,080 3580 9349,https://st.hzcdn.com/simgs/0a03d3dd09560495_0-4040/_.jpg,"WeWork c/o Jinil A 10th floor, RMZ Latitude Commercial, Bellary Rd, Hebbal. WeWork c/o Jinil A 10th floor, RMZ Latitude Commercial, Bellary Rd, Hebbal.",Bengaluru,Karnataka,560024,IN,"WeWork c/o Jinil A 10th floor, RMZ Latitude Commercial, Bellary Rd, Hebbal. WeWork c/o Jinil A 10th floor, RMZ Latitude Commercial, Bellary Rd, Hebbal., Bengaluru, Karnataka, 560024",13.0413,77.6019,500009,,,,,https://www.houzz.in/professionals/interior-designers-and-decorators/cluster-pfvwin-pf~1579764584,interior-designers
BeyondSpaces,098190 34203,https://st.hzcdn.com/simgs/4e339406021ad792_0-2907/_.jpg,Vinipark ,Nasik,,422401,IN,"Vinipark , Nasik, 422401",19.9185,73.8133,500009,http://www.facebook.com/beyondspaces,http://www.twitter.com@ShreyaBanerji,http://in.linkedin.com/in/shreya168/,http://www.ferndale.in,https://www.houzz.in/professionals/interior-designers-and-decorators/beyondspaces-pfvwin-pf~25526623,interior-designers
itzin,098300 13377,https://st.hzcdn.com/simgs/b2e33eb60ea7dd00_0-9500/_.jpg,"2, Chowringhee Terrace, near Nandan, opposite Gokhale Road Post Office, Kolkata - 700 020 2, Chowringhee Terrace, near Nandan, opposite Gokhale Road Post Office, Kolkata - 700 020",Kolkata,West Bengal,700029,IN,"2, Chowringhee Terrace, near Nandan, opposite Gokhale Road Post Office, Kolkata - 700 020 2, Chowringhee Terrace, near Nandan, opposite Gokhale Road Post Office, Kolkata - 700 020, Kolkata, West Bengal, 700029",22.5137,88.3565,500009,,,,,https://www.houzz.in/professionals/interior-designers-and-decorators/itzin-pfvwin-pf~1354470127,interior-designers
VCJ DESIGNS,098311 33356,https://st.hzcdn.com/simgs/87d3c81f0c7f8f33_0-3625/_.jpg, ,KOLKATA,West Bengal,700001,IN," , KOLKATA, West Bengal, 700001",22.5739,88.3459,500009,,,,,https://www.houzz.in/professionals/interior-designers-and-decorators/vcj-designs-pfvwin-pf~1135994446,interior-designers
A&A DESIGN STUDIO,075748 58055,https://st.hzcdn.com/simgs/ed5300570c21391d_0-1181/_.jpg, ,Guntur,Andhra Pradesh,522003,IN," , Guntur, Andhra Pradesh, 522003",16.2793,80.4416,500009,,,,,https://www.houzz.in/professionals/interior-designers-and-decorators/aanda-design-studio-pfvwin-pf~565364123,interior-designers
Mads Creations Pvt Ltd,078350 97019,https://st.hzcdn.com/simgs/8a532df007dbd4dd_0-9141/_.jpg,"Unit:- 622-625, 6th Floor, Vipul Trade Center, Badshahpur Sohna Rd Hwy, Sector 48, Gurugram, Haryana 122018 ",Gurgaon,Haryana,122018,IN,"Unit:- 622-625, 6th Floor, Vipul Trade Center, Badshahpur Sohna Rd Hwy, Sector 48, Gurugram, Haryana 122018 , Gurgaon, Haryana, 122018",28.4151,77.0497,500009,https://www.facebook.com/MADSCreations/,https://twitter.com/madscreations,https://www.linkedin.com/company/mads-creations,http://madscreations.in,https://www.houzz.in/professionals/interior-designers-and-decorators/mads-creations-pvt-ltd-pfvwin-pf~1453373192,interior-designers
Jay Panchal,073597 21752,https://st.hzcdn.com/simgs/a4c35e9b083d9390_0-0093/_.jpg,New Naroda ,Ahmedabad,Gujarat,382330,IN,"New Naroda , Ahmedabad, Gujarat, 382330",,,500009,,,,visionhomes.info,https://www.houzz.in/hznb/professionals/interior-designers-and-decorators/jay-panchal-pfvwus-pf~1101142343,interior-designers
Furdo,080 4680 9127,https://st.hzcdn.com/simgs/cc63b07108c2c366_0-8947/_.jpg,"#2 Indus Vogue, Koramangala 6th Block, Bangalore-560 095 ",Bangalore,Karnataka,560095,IN,"#2 Indus Vogue, Koramangala 6th Block, Bangalore-560 095 , Bangalore, Karnataka, 560095",12.9387,77.6255,500009,https://www.facebook.com/furdoDOTcom/,https://twitter.com/furdodotcom,https://www.linkedin.com/company-beta/9364984/,http://furdo.com/,https://www.houzz.in/professionals/interior-designers-and-decorators/furdo-pfvwin-pf~153403411,interior-designers
Hi-Living,090080 90710,https://st.hzcdn.com/simgs/2bf3e8da015e956b_0-3133/_.jpg,"#44, Ground Floor, 1st Main, ST Bed, 4th Block, Koramangala ",Bangalore,,560034,IN,"#44, Ground Floor, 1st Main, ST Bed, 4th Block, Koramangala , Bangalore, 560034",,,500009,https://www.facebook.com/pages/Hi-Living/366448573464893,https://twitter.com/hi_living1,,http://www.hi-living.net,https://www.houzz.in/professionals/interior-designers-and-decorators/hi-living-pfvwin-pf~1887911075,interior-designers
CREATIVE AXIS INTERIORS PVT LTD,092434 38325,https://st.hzcdn.com/simgs/de03835d0455aa44_0-0701/_.jpg, ,BANGALORE,,560037,IN," , BANGALORE, 560037",12.9642,77.7022,500009,https://www.facebook.com/CreativeAxisInteriorsPrivateLimited/,https://twitter.com/thecreativeaxis,https://www.linkedin.com/company/creative-axis-interiors-pvt-ltd/,http://www.thecreativeaxis.com/,https://www.houzz.in/hznb/professionals/interior-designers-and-decorators/creative-axis-interiors-pvt-ltd-pfvwus-pf~1578123924,interior-designers
Piccolo & Grande,098860 40650,https://st.hzcdn.com/simgs/be4363e00338762d_0-5951/_.jpg,"Plot no.215, Hebbal industrial area, belavadi post ",mysore,Karnataka,570018,IN,"Plot no.215, Hebbal industrial area, belavadi post , mysore, Karnataka, 570018",,,500009,https://www.facebook.com/PushDecors/info,,http://in.linkedin.com/pub/poojitha-purushotham/47/6b9/57/,http://www.piccolongrande.com,https://www.houzz.in/hznb/professionals/interior-designers-and-decorators/piccolo-and-grande-pfvwus-pf~1292200509,interior-designers
Swansea Design,096749 03085,https://st.hzcdn.com/simgs/bc43f77100335446_0-8747/_.jpg,"6/1B, Abdul Hamid street, 3rd floor Dalhousie",Kolkata,West Bengal,700069,IN,"6/1B, Abdul Hamid street, 3rd floor Dalhousie, Kolkata, West Bengal, 700069",22.5678,88.3508,500009,https://facebook.com/#!/Swansea-Design-107144924499598/,https://twitter.com/design_swansea,,https://www.swanseadesign.com/,https://www.houzz.in/professionals/interior-designers-and-decorators/swansea-design-pfvwin-pf~817800079,interior-designers
Kavita Bhalerao,098196 04768,https://st.hzcdn.com/simgs/1e534a7a020f46d1_0-1485/_.jpg,"C/O MAB Aviation,B1-Ashok Guruprasad,Near Lakme salon,Hanuman Rd. vile parle-e ",mumbai,,400057,IN,"C/O MAB Aviation,B1-Ashok Guruprasad,Near Lakme salon,Hanuman Rd. vile parle-e , mumbai, 400057",19.1031,72.8487,500009,https://www.facebook.com/designstudiointerior/,,https://in.linkedin.com/in/kavita-bhalerao-46749743,www.kavitabhalerao.com,https://www.houzz.in/professionals/interior-designers-and-decorators/kavita-bhalerao-pfvwin-pf~1258931002,interior-designers
Xclusive Interiors Pvt. Ltd.,098811 33520,//www.houzz.com/res/29230478/pic/user_0.png?v=29230478, ,Pune,Maharashtra,411027,IN," , Pune, Maharashtra, 411027",18.5842,73.804,500009,,,,,https://www.houzz.in/professionals/interior-designers-and-decorators/xclusive-interiors-pvt-ltd-pfvwin-pf~916837668,interior-designers
Milav Design,096606 62001,https://st.hzcdn.com/simgs/16e3ebe40baf88ff_0-7122/_.jpg,"129, Jagdamba Circle, Jagdamba Nagar, Heerapura ",Jaipur,Rajasthan,302020,IN,"129, Jagdamba Circle, Jagdamba Nagar, Heerapura , Jaipur, Rajasthan, 302020",26.8548,75.7479,500009,https://www.facebook.com/milavdesign,,www.linkedin.com/in/durgeshkhatri,,https://www.houzz.in/professionals/interior-designers-and-decorators/milav-design-pfvwin-pf~691264195,interior-designers
Kadiwa Studio,090670 00764,https://st.hzcdn.com/simgs/a94310b0014c7eab_0-8139/_.jpg,"Survey No.76/1,Near Prime Rose Mall ,Baner main road,Pune ",Pune,Maharashtra,411045,IN,"Survey No.76/1,Near Prime Rose Mall ,Baner main road,Pune , Pune, Maharashtra, 411045",18.5671,73.7685,500009,https://www.facebook.com/KadiwaStudio/,,,www.kadiwa.in,https://www.houzz.in/professionals/interior-designers-and-decorators/kadiwa-studio-pfvwin-pf~1640210983,interior-designers
Mahto Interiors,090974 91886,https://st.hzcdn.com/simgs/bdc3e9ef01d56c6d_0-1601/_.jpg, ,Ranchi,Jharkhand,834008,IN," , Ranchi, Jharkhand, 834008",23.4027,85.3114,500009,https://www.facebook.com/mahtogroup/,https://twitter.com/MahtoInteriors,,,https://www.houzz.in/hznb/professionals/interior-designers-and-decorators/mahto-interiors-pfvwus-pf~721866494,interior-designers
croquis interior,090998 80679,https://st.hzcdn.com/simgs/29435d0d06fa299b_0-0084/_.jpg,ahmedabad ,ahmedabad,,380009,IN,"ahmedabad , ahmedabad, 380009",23.0381,72.5546,500009,,,,,https://www.houzz.in/hznb/professionals/interior-designers-and-decorators/croquis-interior-pfvwus-pf~1100960131,interior-designers
Decorsia,097400 16613,https://st.hzcdn.com/simgs/7813b01409d39c79_0-0433/_.jpg, ,Bangalore Urban,Karnataka,560032,IN," , Bangalore Urban, Karnataka, 560032",13.0265,77.6,500009,,,,,https://www.houzz.in/professionals/interior-designers-and-decorators/decorsia-pfvwin-pf~791347732,interior-designers
CastleGenie,097426 66629,https://st.hzcdn.com/simgs/4a139f4c090ad451_0-1937/_.jpg, ,Bangalore,Karnataka,560102,IN," , Bangalore, Karnataka, 560102",12.9114,77.6443,500009,https://www.facebook.com/CastleGenie/,,,www.castlegenie.com,https://www.houzz.in/professionals/interior-designers-and-decorators/castlegenie-pfvwin-pf~631713113,interior-designers
Active Designs Pvt Ltd,096332 29933,https://st.hzcdn.com/simgs/68a3c991067108a7_0-8362/_.jpg, ,"Vennala - Eroor Road, Kochi",,682028,IN," , Vennala - Eroor Road, Kochi, 682028",9.9863,76.3253,500009,https://www.facebook.com/ActiveDesignsCochin,https://twitter.com/activedesignspl,https://www.linkedin.com/profile/view?id=ACgAABqfIdgBabXgoj9EEK1rC3K4j560pDMIuwc&authType=name&authT,https://in.pinterest.com/active0001/,https://www.houzz.in/hznb/professionals/interior-designers-and-decorators/active-designs-pvt-ltd-pfvwus-pf~941288035,interior-designers
Matter Of Space Pvt. Ltd.,098718 49898,https://st.hzcdn.com/simgs/63a34d090c387995_0-5013/_.jpg,"C 1082, Sushant Lok Phase 1",Gurgaon,Haryana,122002,IN,"C 1082, Sushant Lok Phase 1, Gurgaon, Haryana, 122002",28.4687,77.0976,500009,https://www.facebook.com/Matterspace,,https://www.linkedin.com/company/13433393,www.matterofspace.in,https://www.houzz.in/professionals/interior-designers-and-decorators/matter-of-space-pvt-ltd-pfvwin-pf~1580374516,interior-designers
Houzlook,081234 81444,https://st.hzcdn.com/simgs/0ba34a9503bd1aa9_0-7808/_.jpg,"sanjevani complex, 1st floor, dr amedakar circle,devarabisanahanalli ,behind intel office ",Bangalore Urban,Karnataka,560103,IN,"sanjevani complex, 1st floor, dr amedakar circle,devarabisanahanalli ,behind intel office , Bangalore Urban, Karnataka, 560103",,,500009,https://www.facebook.com/houzlook/,https://twitter.com/houzlook/,,https://www.houzlook.com/,https://www.houzz.in/professionals/interior-designers-and-decorators/houzlook-pfvwin-pf~277851179,interior-designers
DIPINDESIGN INTERIORS,098100 42930,https://st.hzcdn.com/simgs/6413c7f30f6621ea_0-9622/_.jpg, ,"New Delhi, NCR",,201010,IN," , New Delhi, NCR, 201010",28.6682,77.354,500009,https://www.facebook.com/dipindesign,,,,https://www.houzz.in/professionals/interior-designers-and-decorators/dipindesign-interiors-pfvwin-pf~1795178154,interior-designers
Storey Tellers Design Studio,081309 81111,https://st.hzcdn.com/simgs/86e3c75302036e56_0-5790/_.jpg,"3rd Floor, Khasra No. 846/1, Ghitorni, Near Metro Pillar No. 115 ",New Delhi,Delhi,110030,IN,"3rd Floor, Khasra No. 846/1, Ghitorni, Near Metro Pillar No. 115 , New Delhi, Delhi, 110030",28.484,77.1541,500009,https://www.facebook.com/Storey-Tellers-268438128348519,,https://www.linkedin.com/company/storey-tellers,https://storeytellers.in/,https://www.houzz.in/professionals/interior-designers-and-decorators/storey-tellers-design-studio-pfvwin-pf~1741013148,interior-designers
IRENIC SPACES,91000000000,https://st.hzcdn.com/simgs/b72317ad088767a7_0-1674/_.jpg,Pune ,Pune,Maharashtra,411038,IN,"Pune , Pune, Maharashtra, 411038",18.5084,73.8054,500009,,,,,https://www.houzz.in/professionals/interior-designers-and-decorators/irenic-spaces-pfvwin-pf~1797647926,interior-designers
KSD Studio,098330 03239,https://st.hzcdn.com/simgs/37e3c98a018e04f7_0-7476/_.jpg,"2nd Floor,  Veetrag Chambers 46, Cawasji Patel Street, Fort",Mumbai,Maharashtra,400001,IN,"2nd Floor,  Veetrag Chambers 46, Cawasji Patel Street, Fort, Mumbai, Maharashtra, 400001",18.9401,72.8419,500009,https://www.facebook.com/kshiti.shah,,https://www.linkedin.com/in/kshitishah/,https://www.ksdesign.in/,https://www.houzz.in/professionals/interior-designers-and-decorators/ksd-studio-pfvwin-pf~1866597852,interior-designers
The Canvas Project,097650 04309,https://st.hzcdn.com/simgs/5c5389d8031ecfef_0-5754/_.jpg,"Dwarkadheesh Residency, Pimple Saudagar Near Shivar Chowk",Pune,Maharashtra,411027,IN,"Dwarkadheesh Residency, Pimple Saudagar Near Shivar Chowk, Pune, Maharashtra, 411027",18.5842,73.804,500009,https://www.facebook.com/thecanvasproject.tcp?mibextid=ZbWKwL,,,https://instagram.com/thecanvasproject_tcp?igshid=MDM4ZDc5MmU=,https://www.houzz.in/professionals/interior-designers-and-decorators/the-canvas-project-pfvwin-pf~1011250285,interior-designers
Weespaces,,https://st.hzcdn.com/simgs/ef2368f1028bec8b_0-9937/_.jpg,Dollars Colony ,Bangalore,Karnataka,560094,IN,"Dollars Colony , Bangalore, Karnataka, 560094",13.0358,77.5773,500009,https://www.facebook.com/pages/Weespaces/133360940147659,,,http://www.wee-spaces.com/blog/,https://www.houzz.in/hznb/professionals/interior-designers-and-decorators/weespaces-pfvwus-pf~1200298796,interior-designers
The SS Story,097633 36548,https://st.hzcdn.com/simgs/30b3d0b200f83203_0-8467/_.jpg,"F14, Sejj Plaza, Malad west ",Mumbai,Maharashtra,400064,IN,"F14, Sejj Plaza, Malad west , Mumbai, Maharashtra, 400064",19.1857,72.8392,500009,,,,,https://www.houzz.in/professionals/interior-designers-and-decorators/the-ss-story-pfvwin-pf~507547132,interior-designers
Anmol Decore Kolkata,098317 72676,https://st.hzcdn.com/simgs/f6932b3404a94cf0_0-1425/_.jpg,87/165 Raja S.C.Mullick Road Gangullybagan,Kolkata,West Bengal,700047,IN,"87/165 Raja S.C.Mullick Road Gangullybagan, Kolkata, West Bengal, 700047",22.4735,88.3701,500009,https://www.facebook.com/anmoldecorekolkata.in,https://twitter.com/anmolsamrat,,http://anmoldecorekolkata.blogspot.in/,https://www.houzz.in/hznb/professionals/interior-designers-and-decorators/anmol-decore-kolkata-pfvwus-pf~2014571199,interior-designers
Homzinterio,1800 120 002 002,https://st.hzcdn.com/simgs/0333e00907b719b9_0-9385/_.jpg, ,,,,IN, ,,,500009,https://www.facebook.com/Homzinterio/,https://twitter.com/homzinterio,https://www.linkedin.com/company/homzinterio/,https://homzinterio.in/,https://www.houzz.in/hznb/professionals/interior-designers-and-decorators/homzinterio-pfvwin-pf~508801660,interior-designers
Jsa Interior,098364 40818,https://st.hzcdn.com/simgs/1b9392ff0367e6a2_0-1713/_.jpg,"Plot No -43, Street no - 634, Action Area -2c Rajarhat Newton",Kolkata,West Bengal,700156,IN,"Plot No -43, Street no - 634, Action Area -2c Rajarhat Newton, Kolkata, West Bengal, 700156",22.5836,88.4727,500009,,,,,https://www.houzz.in/professionals/interior-designers-and-decorators/jsa-interior-pfvwin-pf~880894517,interior-designers
Studio Arth,073494 70902,https://st.hzcdn.com/simgs/14a373de0322cec3_0-5927/_.jpg,"34, 3rd floor, Ext road E sahakarnagar, byatarayanapura",Bangalore,Karnataka,560092,IN,"34, 3rd floor, Ext road E sahakarnagar, byatarayanapura, Bangalore, Karnataka, 560092",13.0625,77.593,500009,,,,,https://www.houzz.in/professionals/interior-designers-and-decorators/studio-arth-pfvwin-pf~348552221,interior-designers
Fadd Studio,,https://st.hzcdn.com/simgs/dfe39cf808aebdb8_0-6843/_.jpg, ,BANGALORE,Karnataka,,IN," , BANGALORE, Karnataka",12.9719,77.5937,500009,,,,,https://www.houzz.in/hznb/professionals/interior-designers-and-decorators/fadd-studio-pfvwus-pf~881425905,interior-designers
The Design Collaborative,097423 53608,https://st.hzcdn.com/simgs/5eb39f220a571de4_0-0688/_.jpg,The Design Collaborative    547/11 2nd floor 'A' Block Sahakarnagar  Bengaluru 560092 sahakarnagar,Bangalore,Karnataka,560092,IN,"The Design Collaborative    547/11 2nd floor 'A' Block Sahakarnagar  Bengaluru 560092 sahakarnagar, Bangalore, Karnataka, 560092",13.0625,77.593,500009,https://www.facebook.com/TheDesignCollaborativeStudio/,,,www.thedesigncollaborative.in,https://www.houzz.in/professionals/interior-designers-and-decorators/the-design-collaborative-pfvwin-pf~1328344904,interior-designers
Rasneet Anand Design,011 1111 1111,https://st.hzcdn.com/simgs/922310ed0305bff8_0-9081/_.jpg,"Lokhandwala complex, Andheri West, Mumbai ",Mumbai,Maharashtra,400053,IN,"Lokhandwala complex, Andheri West, Mumbai , Mumbai, Maharashtra, 400053",19.1334,72.8319,500009,https://www.facebook.com/Rasneet-Anand-Design-307902096500157/,,,,https://www.houzz.in/hznb/professionals/interior-designers-and-decorators/rasneet-anand-design-pfvwus-pf~1796024038,interior-designers
Interiosplash,080951 57401,https://st.hzcdn.com/simgs/b0d3d08a0d8f0383_0-5590/_.jpg,"10, 24th Main Rd, 5th Phase, Ayodhya Nagar J P Nagar Phase 5, J. P. Nagar",Bengaluru,Karnataka,560078,IN,"10, 24th Main Rd, 5th Phase, Ayodhya Nagar J P Nagar Phase 5, J. P. Nagar, Bengaluru, Karnataka, 560078",12.8953,77.5761,500009,,,,,https://www.houzz.in/professionals/interior-designers-and-decorators/interiosplash-pfvwin-pf~381034376,interior-designers
Dream Modular,090303 40000,https://st.hzcdn.com/simgs/39637c3902e786a0_0-2701/_.jpg,"H. No. 6-37/1/14, Plot No. 66B, Survey No.687 & 688 Near Moosapet Metro Station, Moosapet ",Hyderabad,Telangana,500018,IN,"H. No. 6-37/1/14, Plot No. 66B, Survey No.687 & 688 Near Moosapet Metro Station, Moosapet , Hyderabad, Telangana, 500018",17.4603,78.4261,500009,https://www.facebook.com/dreammodular,https://twitter.com/dreammodular,https://www.linkedin.com/in/dream-modular-232b54193/,https://www.dreammodular.com/,https://www.houzz.in/hznb/professionals/interior-designers-and-decorators/dream-modular-pfvwus-pf~1355278163,interior-designers
Pencil interiors,096207 22555,https://st.hzcdn.com/simgs/a0b3bafc0a9e6530_0-0033/_.jpg, ,Bangalore Urban,Karnataka,560103,IN," , Bangalore Urban, Karnataka, 560103",12.9303,77.6762,500009,,,,,https://www.houzz.in/hznb/professionals/interior-designers-and-decorators/pencil-interiors-pfvwau-pf~1924036026,interior-designers
Studio ODD,096633 99183,https://st.hzcdn.com/simgs/c9c3413a0fe9b7ad_0-3661/_.jpg,Amanora Hadapsar,Pune,Maharashtra,411028,IN,"Amanora Hadapsar, Pune, Maharashtra, 411028",18.4931,73.9339,500009,,,,www.studioodd.in,https://www.houzz.in/hznb/professionals/interior-designers-and-decorators/studio-odd-pfvwus-pf~847931546,interior-designers
Studio Ruh,074064 67574,https://st.hzcdn.com/simgs/ddf3e6230421222f_0-6355/_.jpg,"Totem Heights, 136/1, Gangadhar Chetty Rd, Halasuru, Yellappa Chetty Layout, Ulsoor ",Bangalore,Karnataka,560001,IN,"Totem Heights, 136/1, Gangadhar Chetty Rd, Halasuru, Yellappa Chetty Layout, Ulsoor , Bangalore, Karnataka, 560001",,,500009,,,,,https://www.houzz.in/hznb/professionals/interior-designers-and-decorators/studio-ruh-pfvwus-pf~1670454358,interior-designers
INTERIOR FACTORY,090822 51454,https://st.hzcdn.com/simgs/7b83102c06f1406b_0-2213/_.jpg, ,,,,IN, ,,,500009,,,,,https://www.houzz.in/hznb/professionals/interior-designers-and-decorators/interior-factory-pfvwin-pf~30470567,interior-designers
Kala Design Studio,083800 94864,https://st.hzcdn.com/simgs/1743be85046b6322_0-4699/_.jpg,"Shree Ganesh Aangan, F-403 Thakur Village Kandivali E",Mumbai,Maharashtra,400101,IN,"Shree Ganesh Aangan, F-403 Thakur Village Kandivali E, Mumbai, Maharashtra, 400101",,,500009,https://www.facebook.com/kaladesignstudio,,,https://www.kaladesignstudio.com/,https://www.houzz.in/professionals/interior-designers-and-decorators/kala-design-studio-pfvwin-pf~63439174,interior-designers
amritha karnakar architectural design,098202 80142,https://st.hzcdn.com/simgs/1f73b61e0c3ec0ad_0-6429/_.jpg, ,MUMBAI,Maharashtra,400058,IN," , MUMBAI, Maharashtra, 400058",19.119,72.8369,500009,,,,www.amrithakarnakar.com,https://www.houzz.in/hznb/professionals/interior-designers-and-decorators/amritha-karnakar-architectural-design-pfvwus-pf~1451266368,interior-designers
Studio Jane,099202 20370,https://st.hzcdn.com/simgs/a143813906472aa3_0-5639/_.jpg, ,,,,IN, ,,,500009,,,https://www.linkedin.com/company/studiojanedesigns/,https://studiojane.in/,https://www.houzz.in/hznb/professionals/interior-designers-and-decorators/studio-jane-pfvwin-pf~189868034,interior-designers
Nityanamya,092164 34300,https://st.hzcdn.com/simgs/e1b3c3f80631ecf8_0-8103/_.jpg,"Plot No. 478, JLPL Sector 82, Mohali, Punjab, India 140308 ",Mohali,Punjab,140308,IN,"Plot No. 478, JLPL Sector 82, Mohali, Punjab, India 140308 , Mohali, Punjab, 140308",30.6711,76.7155,500009,https://www.facebook.com/Nityanamya/,,,https://www.nityanamya.com/,https://www.houzz.in/professionals/interior-designers-and-decorators/nityanamya-pfvwin-pf~1171160109,interior-designers
Designaire Interior Solutions,097420 69178,https://st.hzcdn.com/simgs/b6d3cf28072a3a92_0-0755/_.jpg,"Wadhwa - The Address, LBS Road Ghatkopar West",Mumbai,,400086,IN,"Wadhwa - The Address, LBS Road Ghatkopar West, Mumbai, 400086",19.0904,72.9055,500009,,,,,https://www.houzz.in/professionals/interior-designers-and-decorators/designaire-interior-solutions-pfvwin-pf~1389401286,interior-designers
QCInteriors,077981 53303,https://st.hzcdn.com/simgs/24e3a18503b419e8_0-6640/_.jpg,Dharampeth West High Court Road,Nagpur,Maharashtra,440010,IN,"Dharampeth West High Court Road, Nagpur, Maharashtra, 440010",,,500009,https://www.facebook.com/qcinteriors,https://twitter.com/qcinteriors,https://www.linkedin.com/in/qcinteriors/,https://www.qcinteriors.in/,https://www.houzz.in/hznb/professionals/interior-designers-and-decorators/qcinteriors-pfvwus-pf~726235926,interior-designers
June Walk Design,096639 53106,https://st.hzcdn.com/simgs/7db358ba0ccacb24_0-5277/_.jpg,"Wework, Embassy TechVillage, Outer Ring Road, ",Bangalore,Karnataka,560103,IN,"Wework, Embassy TechVillage, Outer Ring Road, , Bangalore, Karnataka, 560103",12.9303,77.6762,500009,https://www.facebook.com/pages/category/Interior-Design-Studio/June-Walk-Design-273843866723503/,,,https://junewalk.com/,https://www.houzz.in/professionals/interior-designers-and-decorators/june-walk-design-pfvwin-pf~506738456,interior-designers
The Blue Designer,091041 55443,https://st.hzcdn.com/simgs/766317560fcb6d4b_0-4215/_.jpg,Ghatlodia ,Ahmedabad,Gujarat,380061,IN,"Ghatlodia , Ahmedabad, Gujarat, 380061",,,500009,https://www.facebook.com/TheBlueDesigner,,https://www.linkedin.com/in/the-blue-designer-01760a213/,,https://www.houzz.in/professionals/interior-designers-and-decorators/the-blue-designer-pfvwin-pf~1228924315,interior-designers
Rupal shah,093709 82277,https://st.hzcdn.com/simgs/2853aeb1067cdd46_0-4094/_.jpg,"86, popular chamber, central avenue","Nagpur, India",Maharashtra,440018,IN,"86, popular chamber, central avenue, Nagpur, India, Maharashtra, 440018",,,500009,,,,,https://www.houzz.in/hznb/professionals/interior-designers-and-decorators/rupal-shah-pfvwus-pf~1201309620,interior-designers
iiistudio-Infinite Ideas interiors,088860 18866,https://st.hzcdn.com/simgs/b8f37db50001624c_0-0226/_.jpg,"Gachibowli, Nanakramguda ",Hyderabad,Telangana,500008,IN,"Gachibowli, Nanakramguda , Hyderabad, Telangana, 500008",17.3991,78.3947,500009,https://www.facebook.com/InfiniteIdeasInteriors,,,www.iiistudio.in,https://www.houzz.in/hznb/professionals/interior-designers-and-decorators/iiistudio-infinite-ideas-interiors-pfvwus-pf~1954761537,interior-designers
BlueMasons,098748 70701,https://st.hzcdn.com/simgs/1b53b967099c606c_0-7358/_.jpg, ,Kolkata,West Bengal,700001,IN," , Kolkata, West Bengal, 700001",22.5739,88.3459,500009,https://www.facebook.com/bluemasons/,,,https://www.bluemasons.com,https://www.houzz.in/professionals/interior-designers-and-decorators/bluemasons-pfvwin-pf~94908305,interior-designers
Aditi sharma design studio,096505 68826,https://st.hzcdn.com/simgs/ef13acf90ec2edff_0-3267/_.jpg, ,gurgaon,Haryana,122002,IN," , gurgaon, Haryana, 122002",,,500009,,,,www.aditisharmadesignstudio.com,https://www.houzz.in/hznb/professionals/interior-designers-and-decorators/aditi-sharma-design-studio-pfvwus-pf~93618745,interior-designers
The Design Chapel,095036 11067,https://st.hzcdn.com/simgs/8be35cc80a81c32b_0-1025/_.jpg, ,Mumbai,Maharashtra,,IN," , Mumbai, Maharashtra",19.0728,72.8826,500009,,,,,https://www.houzz.in/professionals/interior-designers-and-decorators/the-design-chapel-pfvwin-pf~279906011,interior-designers
Sumit Donga Designs,090222 90556,https://st.hzcdn.com/simgs/cd03ac45067e3230_0-4088/_.jpg, ,mumbai,,421003,IN," , mumbai, 421003",19.2292,73.1593,500009,,,,,https://www.houzz.in/hznb/professionals/interior-designers-and-decorators/sumit-donga-designs-pfvwus-pf~278563139,interior-designers
Angie Homes,098107 11655,https://st.hzcdn.com/simgs/49d360840d4169b3_0-7987/_.jpg, ,,,,IN, ,,,500009,,,,,https://www.houzz.in/hznb/professionals/interior-designers-and-decorators/angie-homes-pfvwin-pf~154658247,interior-designers
Innches Studio,081051 51999,https://st.hzcdn.com/simgs/40b3563d06ee96d4_0-5434/_.jpg,"Anand Surya First Floor ,15th cross, 100 Feet Ring Rd, above HDFC Bank, JP Nagar 6th Phase",Bengaluru,Karnataka,560078,IN,"Anand Surya First Floor ,15th cross, 100 Feet Ring Rd, above HDFC Bank, JP Nagar 6th Phase, Bengaluru, Karnataka, 560078",12.8953,77.5761,500009,https://www.facebook.com/innchesinteriorstudio/,,https://in.linkedin.com/company/innches,https://innches.com/,https://www.houzz.in/professionals/interior-designers-and-decorators/innches-studio-pfvwin-pf~760220249,interior-designers
Lakkadworks,099993 81022,https://st.hzcdn.com/simgs/cf53c09402aca9bb_0-8757/_.jpg,"C2 BLock, 23 A House no, Sushant Lok 1, Gurugram ",Gurugram,Haryana,122002,IN,"C2 BLock, 23 A House no, Sushant Lok 1, Gurugram , Gurugram, Haryana, 122002",28.4687,77.0976,500009,,,,,https://www.houzz.in/professionals/interior-designers-and-decorators/lakkadworks-pfvwin-pf~1766282155,interior-designers
The Design Integra,094150 96292,https://st.hzcdn.com/simgs/4733f17100370d03_0-9176/_.jpg,Hasimpur ramduttpur Chotalapur pandypur,Varanasi,Uttar Pradesh,221002,IN,"Hasimpur ramduttpur Chotalapur pandypur, Varanasi, Uttar Pradesh, 221002",25.3403,82.9764,500009,,,,,https://www.houzz.in/professionals/interior-designers-and-decorators/the-design-integra-pfvwin-pf~725528454,interior-designers
Wea Designs PVT LTD,079960 60000,https://st.hzcdn.com/simgs/8ae3b1db083960b2_0-3732/_.jpg,"Wea Design Interiors 119, 2nd main Rd, KSRTC Layout, 2nd Phase, JP Nagar, Bengaluru, Karnataka 560078 ",Bangalore,Karnataka,560078,IN,"Wea Design Interiors 119, 2nd main Rd, KSRTC Layout, 2nd Phase, JP Nagar, Bengaluru, Karnataka 560078 , Bangalore, Karnataka, 560078",12.8953,77.5761,500009,https://www.facebook.com/WeaDesignInteriors/,,https://in.linkedin.com/company/wea-design-interiors,www.weadesign.com,https://www.houzz.in/hznb/professionals/interior-designers-and-decorators/wea-designs-pvt-ltd-pfvwus-pf~1168253981,interior-designers
htid,088283 46464,https://st.hzcdn.com/simgs/e33344700d42ade6_0-0982/_.jpg,"2, 1st Floor, Shubhlaxmi Shopping center, Above Samrat jeweler's, Rani sati road, Malad east ",Mumbai,Maharashtra,400 097,IN,"2, 1st Floor, Shubhlaxmi Shopping center, Above Samrat jeweler's, Rani sati road, Malad east , Mumbai, Maharashtra, 400 097",19.1838,72.869,500009,www.facebook.com/hirentankinteriordesigner,,,www.htid.in,https://www.houzz.in/professionals/interior-designers-and-decorators/htid-pfvwin-pf~691530123,interior-designers
Align Designs,081236 44568,https://st.hzcdn.com/simgs/b4c3221e072c8379_0-2362/_.jpg,Mahadevapura ,Bangalore,Karnataka,560048,IN,"Mahadevapura , Bangalore, Karnataka, 560048",12.9864,77.7029,500009,https://www.facebook.com/people/Align-Designs/61567136499107/,,https://www.linkedin.com/company/aligndesigns,https://aligndesigns.in/home/,https://www.houzz.in/hznb/professionals/interior-designers-and-decorators/align-designs-pfvwus-pf~223385937,interior-designers
STUDIO ABODE,098209 66453,https://st.hzcdn.com/simgs/c4f36b8e07b4658a_0-7659/_.jpg,Andheri east ,Mumbai,Maharashtra,400059,IN,"Andheri east , Mumbai, Maharashtra, 400059",19.1156,72.8776,500009,,,,,https://www.houzz.in/professionals/interior-designers-and-decorators/studio-abode-pfvwin-pf~1515441810,interior-designers
Vezza Space Saving Furniture,084483 79979,https://st.hzcdn.com/simgs/4b732c830da41bd3_0-6115/_.jpg,BLK 1 Sector 116,Noida,Uttar Pradesh,201306,IN,"BLK 1 Sector 116, Noida, Uttar Pradesh, 201306",28.5029,77.4621,500009,,,,https://www.vezzaindia.com,https://www.houzz.in/professionals/interior-designers-and-decorators/vezza-space-saving-furniture-pfvwin-pf~1354159923,interior-designers
Archkruti Studio,078925 86235,https://st.hzcdn.com/simgs/d283e12c08dcdcd1_0-3196/_.jpg, ,Mangalore,Karnataka,590011,IN," , Mangalore, Karnataka, 590011",,,500009,,,,,https://www.houzz.in/hznb/professionals/interior-designers-and-decorators/archkruti-studio-pfvwus-pf~723499042,interior-designers
Studio Red,072050 30555,https://st.hzcdn.com/simgs/9243696e07fa5a6b_0-9849/_.jpg,"Plot No. A295, Saheed Nagar Rd Saheed Nagar",Bhubaneswar,Orissa,751007,IN,"Plot No. A295, Saheed Nagar Rd Saheed Nagar, Bhubaneswar, Orissa, 751007",20.3089,85.8408,500009,https://www.facebook.com/studioredinteriorsofficial,,,https://studioredconstructions.com/,https://www.houzz.in/professionals/interior-designers-and-decorators/studio-red-pfvwin-pf~819085411,interior-designers
Beautiful Homes Service By Asian Paints,022 6191 0605,https://st.hzcdn.com/simgs/c2533011030c2ce8_0-6132/_.jpg,6A Shantinagar Santacruz,Mumbai,Maharashtra,400055,IN,"6A Shantinagar Santacruz, Mumbai, Maharashtra, 400055",,,500009,,,,,https://www.houzz.in/professionals/interior-designers-and-decorators/beautiful-homes-service-by-asian-paints-pfvwin-pf~315068762,interior-designers
Neotecture,079 4009 1745,https://st.hzcdn.com/simgs/df037c1f046f2d8b_0-8465/_.jpg, ,Ahmedabad,,380054,IN," , Ahmedabad, 380054",23.0386,72.5138,500009,https://www.facebook.com/Neotecture/?ref=br_rs,,,http://www.neotecture.in/,https://www.houzz.in/professionals/interior-designers-and-decorators/neotecture-pfvwin-pf~596700570,interior-designers
Interior designer,091103 38100,https://st.hzcdn.com/simgs/f7d36ef003e4ddd5_0-9014/_.jpg,1520 NSC Bose Nagar Kandrika ,Vijayawada,Andhra Pradesh,520015,IN,"1520 NSC Bose Nagar Kandrika , Vijayawada, Andhra Pradesh, 520015",,,500009,,,,,https://www.houzz.in/professionals/interior-designers-and-decorators/interior-designer-pfvwin-pf~977869314,interior-designers
HomeLane,1800 102 4663,https://st.hzcdn.com/simgs/fe5364bb0731d74d_0-6808/_.jpg,"4th floor, Gopalan Signature Mall Old Madras Road, Bengaluru 4th Floor, BKN Ambaram Estates, No 648/L,  1st Main, 1st Stage, Indiranagar",Bangalore,Karnataka,560093,IN,"4th floor, Gopalan Signature Mall Old Madras Road, Bengaluru 4th Floor, BKN Ambaram Estates, No 648/L,  1st Main, 1st Stage, Indiranagar, Bangalore, Karnataka, 560093",12.9829,77.6697,500009,https://www.facebook.com/homelaneinteriors,https://twitter.com/homelanedecors,https://www.linkedin.com/company/homelane,www.homelane.com,https://www.houzz.in/hznb/professionals/interior-designers-and-decorators/homelane-pfvwus-pf~1293912189,interior-designers
GOLDEN RATIO 1.618,086558 31897,https://st.hzcdn.com/simgs/11f3c1d7008c3601_0-1695/_.jpg,"Shop no 11 Anant Apt,
Balkrishna Tawde Marg,
Dahisar West,

Mumbai 400068 ",Mumbai,Maharashtra,400068,IN,"Shop no 11 Anant Apt,
Balkrishna Tawde Marg,
Dahisar West,

Mumbai 400068 , Mumbai, Maharashtra, 400068",19.2737,72.8325,500009,,,,,https://www.houzz.in/hznb/professionals/interior-designers-and-decorators/golden-ratio-1-618-pfvwus-pf~723741214,interior-designers
interior cost,090282 13126,https://st.hzcdn.com/simgs/bc73ddcb0d66e269_0-3721/_.jpg,ausa latur ,latur,Maharashtra,413520,IN,"ausa latur , latur, Maharashtra, 413520",18.1848,76.4531,500009,,,,interiorcost.com,https://www.houzz.in/professionals/interior-designers-and-decorators/interior-cost-pfvwin-pf~26102855,interior-designers
Tesor Designs,099001 05749,https://st.hzcdn.com/simgs/6b3379100dbc00b9_0-2494/_.jpg,"Tesor Interior Design Studio, 2612, 27th Main Rd, 1st Sector, HSR Layout ",Bengaluru,Karnataka,560102,IN,"Tesor Interior Design Studio, 2612, 27th Main Rd, 1st Sector, HSR Layout , Bengaluru, Karnataka, 560102",12.9114,77.6443,500009,,,,,https://www.houzz.in/professionals/interior-designers-and-decorators/tesor-designs-pfvwin-pf~1765185507,interior-designers
Madluxe Atelier,099203 10563,https://st.hzcdn.com/simgs/fec3e69d069106ff_0-0549/_.jpg, ,,,,IN, ,,,500009,,,,,https://www.houzz.in/hznb/professionals/interior-designers-and-decorators/madluxe-atelier-pfvwin-pf~2119274872,interior-designers
Magic Decor,1800 212 9972,https://st.hzcdn.com/simgs/04a3ef2808060c2c_0-7037/_.jpg,"313, B Wing, Lodha Supremus-2, ",Mumbai,Maharashtra,400604,IN,"313, B Wing, Lodha Supremus-2, , Mumbai, Maharashtra, 400604",19.1922,72.9527,500009,,,,,https://www.houzz.in/hznb/professionals/interior-designers-and-decorators/magic-decor-pfvwin-pf~315765510,interior-designers
JDesign Studio,+1 846-933-4040,https://st.hzcdn.com/simgs/3c439dae059fc215_0-2932/_.jpg,"104, City Center 2, Nr. CIMS Hospital, Science City Road, Sola, Ahmedabad, Gujarat, India – 380004.",Ahmedabad,Gujarat,380004,IN,"104, City Center 2, Nr. CIMS Hospital, Science City Road, Sola, Ahmedabad, Gujarat, India – 380004., Ahmedabad, Gujarat, 380004",23.0581,72.5919,500009,https://www.facebook.com/jdesignstudio95,,https://www.linkedin.com/company/j-design-studio-official/,https://jdesignstudio.in/,https://www.houzz.in/hznb/professionals/interior-designers-and-decorators/jdesign-studio-pfvwin-pf~1389018610,interior-designers
Celeste Interio,080883 27383,https://st.hzcdn.com/simgs/abb36b3206c43ddf_0-7564/_.jpg, ,,,,IN, ,,,500009,,,,,https://www.houzz.in/hznb/professionals/interior-designers-and-decorators/celeste-interio-pfvwin-pf~315644538,interior-designers
WeDezine Studio Bangalore,091119 59595,https://st.hzcdn.com/simgs/b9b35a8e069b4cf4_0-3918/_.jpg,"10. 19th cross, Kashi Mutt Rd, Malleshwaram ",Bengaluru,Karnataka,560055,IN,"10. 19th cross, Kashi Mutt Rd, Malleshwaram , Bengaluru, Karnataka, 560055",13.012,77.5633,500009,https://www.facebook.com/wedezine.studio/,,https://www.linkedin.com/company/wedezine-studio/,https://www.wedezinestudio.com/,https://www.houzz.in/professionals/interior-designers-and-decorators/wedezine-studio-bangalore-pfvwin-pf~1867613048,interior-designers
Dezign Vibes,098110 00140,https://st.hzcdn.com/simgs/c5a3335601e28ec9_0-9704/_.jpg,"107, L/A, New Colony",Gurgaon,Haryana,122001,IN,"107, L/A, New Colony, Gurgaon, Haryana, 122001",,,500009,,,,,https://www.houzz.in/professionals/interior-designers-and-decorators/dezign-vibes-pfvwin-pf~155531331,interior-designers
AK Engineers and Interior,,https://st.hzcdn.com/simgs/e9432477087b1c3c_0-0678/_.jpg, ,,,,IN, ,,,500009,,,,,https://www.houzz.in/hznb/professionals/interior-designers-and-decorators/ak-engineers-and-interior-pfvwin-pf~441623590,interior-designers
Eight degree design house,096194 46936,https://st.hzcdn.com/simgs/a863c5460b28a718_0-0620/_.jpg, ,Mumbai,Maharashtra,400058,IN," , Mumbai, Maharashtra, 400058",19.119,72.8369,500009,,,,,https://www.houzz.in/professionals/interior-designers-and-decorators/eight-degree-design-house-pfvwin-pf~1043365772,interior-designers
Stone Art By SKL,099282 99992,https://st.hzcdn.com/simgs/e1e3ab6a07ac48d6_0-4266/_.jpg, ,,,,IN, ,,,500009,,,,,https://www.houzz.in/hznb/professionals/interior-designers-and-decorators/stone-art-by-skl-pfvwin-pf~1867759660,interior-designers
ALCHEMY INTERIORS BY SAG,091374 67699,https://st.hzcdn.com/simgs/6cc33cf106a53a6f_0-1066/_.jpg, ,,,,IN, ,,,500009,https://www.facebook.com/profile.php?id=61556142226322&mibextid=ZbWKwL,,https://www.linkedin.com/in/alchemy-interiors-5135b82b5/,https://alchemyinteriors.in/,https://www.houzz.in/hznb/professionals/interior-designers-and-decorators/alchemy-interiors-by-sag-pfvwin-pf~189821770,interior-designers
Designo Temple Store,085068 29109,https://st.hzcdn.com/simgs/d723892e06d2e62d_0-8130/_.jpg,"1/2726, Timber Market, Main, Loni Rd Ram Nagar Extension, Ram Nagar",Shahdara,Delhi,110032,IN,"1/2726, Timber Market, Main, Loni Rd Ram Nagar Extension, Ram Nagar, Shahdara, Delhi, 110032",,,500009,https://www.facebook.com/designotemplestore/,,https://www.linkedin.com/company/designo-temple-store/,https://designotemplestore.com/,https://www.houzz.in/hznb/professionals/interior-designers-and-decorators/designo-temple-store-pfvwus-pf~407912283,interior-designers
decorMyPlace Interiors and Architects,083907 77665,https://st.hzcdn.com/simgs/a7732b37029f4922_0-1061/_.jpg,"Decormyplace Home Decors Pvt. Ltd. Hill SIDE 45, Opp. AUDI CARS, Showroom, Baner",Pune,Maharashtra,411045,IN,"Decormyplace Home Decors Pvt. Ltd. Hill SIDE 45, Opp. AUDI CARS, Showroom, Baner, Pune, Maharashtra, 411045",18.5671,73.7685,500009,,,,,https://www.houzz.in/professionals/interior-designers-and-decorators/decormyplace-interiors-and-architects-pfvwin-pf~1204255180,interior-designers
R design studio,73579704,https://st.hzcdn.com/simgs/cf13837009dc2edc_0-0198/_.jpg,Ahmedabad ,Ahmedabad,Gujarat,380050,IN,"Ahmedabad , Ahmedabad, Gujarat, 380050",22.9766,72.6138,500009,,,,,https://www.houzz.in/professionals/interior-designers-and-decorators/r-design-studio-pfvwin-pf~1386993690,interior-designers
Hetul interior,084880 19768,https://st.hzcdn.com/simgs/b013409d05fbccfe_0-1300/_.jpg,western height sg highway,Ahmedabad,Gujarat,382470,IN,"western height sg highway, Ahmedabad, Gujarat, 382470",23.0876,72.5651,500009,,,,,https://www.houzz.in/hznb/professionals/interior-designers-and-decorators/hetul-interior-pfvwin-pf~382598724,interior-designers
Designer's Circle,098253 53802,https://st.hzcdn.com/simgs/3f835fe507397130_0-0480/_.jpg,"1002, Binori B - Square - 2 Opp. Hathising ni Vadi, Iscon Road, Ambli, Ahmedabad, Gujarat",Ahmedabad,Gujarat,380054,IN,"1002, Binori B - Square - 2 Opp. Hathising ni Vadi, Iscon Road, Ambli, Ahmedabad, Gujarat, Ahmedabad, Gujarat, 380054",23.0386,72.5138,500009,,,,,https://www.houzz.in/hznb/professionals/interior-designers-and-decorators/designer-s-circle-pfvwus-pf~1864265204,interior-designers
Skanda Interior Designers,063036 07093,https://st.hzcdn.com/simgs/85c3716a0703f7eb_0-4325/_.jpg,"105, 1st Floor, Vignesh Towers, beside Renest Hotel, Srinivasa Nagar, Madura Nagar,",Tirupati,Andhra Pradesh,517501,IN,"105, 1st Floor, Vignesh Towers, beside Renest Hotel, Srinivasa Nagar, Madura Nagar,, Tirupati, Andhra Pradesh, 517501",13.6314,79.4244,500009,https://www.facebook.com/profile.php?id=61556063296379,,,https://skandainterior.com/,https://www.houzz.in/hznb/professionals/interior-designers-and-decorators/skanda-interior-designers-pfvwus-pf~1297149093,interior-designers
RKA MAKERS,099142 29888,https://st.hzcdn.com/simgs/d9c3de4c0fc8f2ed_0-5388/_.jpg,AMAR NIWAS GREEN MODEL TOWN ,Jalandhar district,Punjab,144003,IN,"AMAR NIWAS GREEN MODEL TOWN , Jalandhar district, Punjab, 144003",,,500009,,,,,https://www.houzz.in/professionals/interior-designers-and-decorators/rka-makers-pfvwin-pf~96468889,interior-designers
Golden Spiral Designs Pvt Ltd,099871 65834,https://st.hzcdn.com/simgs/d8c31fd30728cb07_0-9500/_.jpg,"Unit No 11, Runwal Greens, Mulund Gorengaon off Rd, Mulund West ",Mumbai,Maharashtra,400078,IN,"Unit No 11, Runwal Greens, Mulund Gorengaon off Rd, Mulund West , Mumbai, Maharashtra, 400078",19.1493,72.9225,500009,,,,www.goldenspiralproductionz.com,https://www.houzz.in/hznb/professionals/interior-designers-and-decorators/golden-spiral-designs-pvt-ltd-pfvwus-pf~1797238538,interior-designers
LuxDeco,081493 13100,https://st.hzcdn.com/simgs/1583efe8000d47bf_0-2606/_.jpg,"Shop No.2 and 3, Insignia- PNG Jewellers Building Wadia college Chowk, Bund Garden Rd, Pune, Maharashtra 411001 ",Pune,Maharashtra,411001,IN,"Shop No.2 and 3, Insignia- PNG Jewellers Building Wadia college Chowk, Bund Garden Rd, Pune, Maharashtra 411001 , Pune, Maharashtra, 411001",18.5229,73.8853,500009,,,,,https://www.houzz.in/professionals/interior-designers-and-decorators/luxdeco-pfvwin-pf~918430624,interior-designers
CTDC,098202 10861,https://st.hzcdn.com/simgs/86a3438100731f02_0-4058/_.jpg, ,Mumbai,Maharashtra,400053,IN," , Mumbai, Maharashtra, 400053",19.1334,72.8319,500009,https://www.facebook.com/ctdc.india/,https://twitter.com/@contours_design,https://www.linkedin.com/in/contours/,,https://www.houzz.in/hznb/professionals/interior-designers-and-decorators/ctdc-pfvwus-pf~251798032,interior-designers
HouseThat Interiors,070307 42590,https://st.hzcdn.com/simgs/55d3046f03c61a5d_0-0147/_.jpg,10 HouseThat Nivrutti Complex Dwarka,Nashik,Maharashtra,422011,IN,"10 HouseThat Nivrutti Complex Dwarka, Nashik, Maharashtra, 422011",19.9907,73.8032,500009,,,,,https://www.houzz.in/professionals/interior-designers-and-decorators/housethat-interiors-pfvwin-pf~793337668,interior-designers
InspiredHome,090075 75000,https://st.hzcdn.com/simgs/4013dc890bdbcb9f_0-1168/_.jpg,"Konnagar,Hooghly ",Konnagar,West Bengal,712246,IN,"Konnagar,Hooghly , Konnagar, West Bengal, 712246",22.7009,88.3326,500009,https://www.facebook.com/InspiredHome20?mibextid=2JQ9oc,,,www.inspiredhome.in,https://www.houzz.in/professionals/interior-designers-and-decorators/inspiredhome-pfvwin-pf~406036275,interior-designers
Anbre_Interior,098844 88892,https://st.hzcdn.com/simgs/f803ca770544ffe3_0-3631/_.jpg,"6 Vinayaka Avenue Sri Sowdeswar Nagar, Okkiyampettai",Chennai,Tamil Nadu,600097,IN,"6 Vinayaka Avenue Sri Sowdeswar Nagar, Okkiyampettai, Chennai, Tamil Nadu, 600097",12.9319,80.2337,500009,https://www.facebook.com/anbreinterior,https://twitter.com/AnbreSrbalaji,https://in.linkedin.com/company/anbreinterior,https://www.anbre.in/,https://www.houzz.in/professionals/interior-designers-and-decorators/anbre-interior-pfvwin-pf~2018142943,interior-designers
Rv Dezigns,088512 69851,https://st.hzcdn.com/simgs/7b3391640a250703_0-2444/_.jpg, ,Gurgaon,Haryana,122001,IN," , Gurgaon, Haryana, 122001",28.4503,77.0274,500009,https://www.facebook.com/RVDezign/?epa=SEARCH_BOX,,,www.rvdezigns.com,https://www.houzz.in/professionals/interior-designers-and-decorators/rv-dezigns-pfvwin-pf~346936789,interior-designers
Bricks and Woodz,098868 88384,https://st.hzcdn.com/simgs/58439ae3074d79ce_0-9944/_.jpg,"#3500/B 1st Floor, Vaibhavalakshmi Building, Behind KSIT College, 4Th H Block BSK 6th Stage",bangalore,Karnataka,560078,IN,"#3500/B 1st Floor, Vaibhavalakshmi Building, Behind KSIT College, 4Th H Block BSK 6th Stage, bangalore, Karnataka, 560078",12.8953,77.5761,500009,https://www.facebook.com/profile.php?id=61570445730547,,,www.brickswoodz.com,https://www.houzz.in/hznb/professionals/interior-designers-and-decorators/bricks-and-woodz-pfvwin-pf~1104373763,interior-designers
SprintCo -B2B Designer Pvt.Ltd.,090043 01234,https://st.hzcdn.com/simgs/bb639ba5075ff087_0-0969/_.jpg,"B2B Designers Pvt. Ltd, B / 21 Vasudev Chambers, Old Nagardas Cross Road, Near Andheri Subway, Mogra Pada, Andheri East, ",Mumbai,Maharashtra,400069,IN,"B2B Designers Pvt. Ltd, B / 21 Vasudev Chambers, Old Nagardas Cross Road, Near Andheri Subway, Mogra Pada, Andheri East, , Mumbai, Maharashtra, 400069",19.1193,72.8513,500009,https://www.facebook.com/SprintCoDesigns,,https://www.linkedin.com/company/sprint-co/?viewAsMember=true,https://www.sprint-co.com/,https://www.houzz.in/professionals/interior-designers-and-decorators/sprintco-b2b-designer-pvt-ltd-pfvwin-pf~30622303,interior-designers
Home Makers Interior,077188 88677,https://st.hzcdn.com/simgs/4253a4ef0160203b_0-9661/_.jpg,"1802, Aashirwad (1) CHS Ltd., Kokilaben Dhirubhai Ambani Hospital Lane, Four Bungalows, Andheri (West). ",Mumbai,Maharashtra,400053,IN,"1802, Aashirwad (1) CHS Ltd., Kokilaben Dhirubhai Ambani Hospital Lane, Four Bungalows, Andheri (West). , Mumbai, Maharashtra, 400053",19.1334,72.8319,500009,,,,,https://www.houzz.in/professionals/interior-designers-and-decorators/home-makers-interior-pfvwin-pf~507533864,interior-designers
UPSTYLE SPACE LLP,088911 50468,https://st.hzcdn.com/simgs/a693045507b5c798_0-6776/_.jpg, ,,,,IN, ,,,500009,,,,,https://www.houzz.in/hznb/professionals/interior-designers-and-decorators/upstyle-space-llp-pfvwin-pf~1356050479,interior-designers
DESIGN CAFE,093194 34046,https://st.hzcdn.com/simgs/cc138edd07a96e5f_0-7307/_.jpg, ,Bangalore,Karnataka,,IN," , Bangalore, Karnataka",12.9719,77.5937,500009,https://www.facebook.com/thedesigncafe,https://twitter.com/dc_designcafe,https://in.linkedin.com/company/design-cafe,www.designcafe.com,https://www.houzz.in/hznb/professionals/interior-designers-and-decorators/design-cafe-pfvwus-pf~253860172,interior-designers
Nirman design studio,096244 25771,https://st.hzcdn.com/simgs/3e7328010f310e2a_0-1290/_.jpg,SNS business park U.M road,SURAT,Gujarat,395007,IN,"SNS business park U.M road, SURAT, Gujarat, 395007",21.1161,72.7729,500009,,,,,https://www.houzz.in/professionals/interior-designers-and-decorators/nirman-design-studio-pfvwin-pf~280868587,interior-designers
Mak Interiors Builders,099430 78252,https://st.hzcdn.com/simgs/6e63c0e903574bce_0-9000/_.jpg,KK.Nagar ,Madurai,,625020,IN,"KK.Nagar , Madurai, 625020",9.9297,78.178,500009,,,,,https://www.houzz.in/hznb/professionals/interior-designers-and-decorators/mak-interiors-builders-pfvwus-pf~470614009,interior-designers
Vinayak Associates,091117 22432,https://st.hzcdn.com/simgs/85a35e14021386cd_0-2430/_.jpg,"157,tilak nagar main tilak nagar",Indore,Madhya Pradesh,452001,IN,"157,tilak nagar main tilak nagar, Indore, Madhya Pradesh, 452001",22.7049,75.8871,500009,,,,,https://www.houzz.in/hznb/professionals/interior-designers-and-decorators/vinayak-associates-pfvwus-pf~974826186,interior-designers
QC INTERIORS,099600 22406,https://st.hzcdn.com/simgs/1e9335bd06ce9a5f_0-6231/_.jpg,Karve Nagar ,Pune,Maharashtra,411052,IN,"Karve Nagar , Pune, Maharashtra, 411052",,,500009,https://www.facebook.com/qcinteriors,https://twitter.com/qcinteriors,https://www.linkedin.com/in/qcinteriors/,https://www.qcinteriors.in/,https://www.houzz.in/hznb/professionals/interior-designers-and-decorators/qc-interiors-pfvwin-pf~886061565,interior-designers
Coin Interiors & EM Pvt. Ltd.,083682 32092,https://st.hzcdn.com/simgs/9e43b1920795327a_0-3575/_.jpg,"B-702, Saya Zenith Indirapuram",Ghaziabad,Uttar Pradesh,201014,IN,"B-702, Saya Zenith Indirapuram, Ghaziabad, Uttar Pradesh, 201014",28.6486,77.3683,500009,,,,www.coin-interiors.com,https://www.houzz.in/professionals/interior-designers-and-decorators/coin-interiors-and-em-pvt-ltd-pfvwin-pf~1171519861,interior-designers
culinary concept,098310 82957,https://st.hzcdn.com/simgs/627389fa098dde34_0-0350/_.jpg,18 b Ashutosh Mukherjee rd home land mall - 305,Kolkata,West Bengal,700020,IN,"18 b Ashutosh Mukherjee rd home land mall - 305, Kolkata, West Bengal, 700020",22.5389,88.3499,500009,https://www.facebook.com/culinaryconcept123/,,,www.culinary-concept.com,https://www.houzz.in/hznb/professionals/interior-designers-and-decorators/culinary-concept-pfvwus-pf~1738136316,interior-designers
